Time,Ax,Ay,Bx,By,candA1x,candA1y,candB1x,candB1y,candA2x,candA2y,candB2x,candB2y,candA3x,candA3y,candB3x,candB3y,candA4x,candA4y,candB4x,candB4y,candA5x,candA5y,candB5x,candB5y,candA6x,candA6y,candB6x,candB6y,candA7x,candA7y,candB7x,candB7y,candA8x,candA8y,candB8x,candB8y,candA9x,candA9y,candB9x,candB9y,candA10x,candA10y,candB10x,candB10y,classA1,classB1,classA2,classB2,classA3,classB3,classA4,classB4,classA5,classB5,classA6,classB6,classA7,classB7,classA8,classB8,classA9,classB9,classA10,classB10,fitness1,fitness2,fitness3
2023-05-05T15:42:40.085,2.336786491866942,6.8000455626846446,2.3965232283365587,6.874441547753808,-0.32078458093818973,-3.045345636709256,-8.984049750066683,-9.049345356282533,1.5623611521334073,-7.584158446410829,-1.5967843656065845,-3.546983202173272,-4.643619592954513,4.605933969630684,1.4623664719112295,0.1581860967973956,-8.336627511108102,-4.955124591446938,9.974535114825724,-7.012523583033652,-0.05085957827849441,5.106394471505613,-7.4053991499802665,-9.98230185580151,6.263265640303953,1.0402162093441731,-9.61482378391274,4.244652946420379,4.374936281741782,6.996779072840731,2.9615271744601372,-3.7951982885118936,-8.031370638627124,-7.343889867686526,9.063307903513177,5.086505859127509,-8.045809704446658,-4.338715068575994,5.222838178438311,1.937607143563623,8.046417939918918,7.206138821199389,-0.7269943596697601,-9.595200449454754,1.0,1.0,0.0,0.0,1.0,1.0,1.0,0.0,1.0,1.0,0.0,1.0,0.0,0.0,1.0,0.0,1.0,0.0,0.0,0.0,210430.2460670034,-87.19668484258753,52603.20168250872
2023-05-05T15:42:40.887,2.336786491866942,6.8000455626846446,2.3965232283365587,6.874441547753808,-4.430177522981569,7.705747523023295,8.030730277873822,6.814682569076904,0.5429709093396919,3.655103630465737,-6.56471724233567,7.902135865984665,2.853911276888765,-8.541620410547706,-8.781191473220339,5.917465832554694,-6.093422456245721,2.9438916558930384,-8.012825615657166,-5.273318705687472,-2.9611242533605395,6.480789473330954,0.5174854045216559,8.516842790029987,-3.2975708585175854,-5.944719694683155,-5.077637048384689,-2.2870541871855457,-8.889470465493101,9.245360596335377,2.8108160612308986,1.4419959525093127,2.7398731883402956,3.0510614783591965,-0.12496665269556928,9.319811389661439,-2.418398535966502,-5.775008658199262,8.2189396525492,-2.9047556147984457,0.9518592717953513,-1.0927646515367009,1.704040244607775,-0.46785677523456926,1.0,0.0,1.0,1.0,0.0,1.0,1.0,1.0,1.0,1.0,1.0,1.0,1.0,0.0,0.0,1.0,0.0,0.0,1.0,1.0,130371.8145516711,-65.30814317068057,32589.688230759235
2023-05-05T15:42:40.887,2.336786491866942,6.8000455626846446,2.3965232283365587,6.874441547753808,-4.430177522981569,7.705747523023295,8.030730277873822,5.873956309404228,0.5429709093396919,3.655103630465737,-6.56471724233567,7.902135865984665,0.8322819032769093,-8.541620410547706,-8.781191473220339,5.917465832554694,7.690219533472288,2.9438916558930384,-8.012825615657166,-5.273318705687472,-2.9611242533605395,4.984277588560143,0.5174854045216559,8.516842790029987,-3.598169631479303,-5.944719694683155,-2.9659325224563444,-2.2870541871855457,-8.889470465493101,9.245360596335377,2.8108160612308986,1.4419959525093127,2.7398731883402956,3.0510614783591965,-0.12496665269556928,9.319811389661439,-2.418398535966502,-5.775008658199262,8.2189396525492,-9.880445009810655,1.4724669599544011,-1.0927646515367009,1.704040244607775,-0.46785677523456926,1.0,0.0,1.0,1.0,1.0,1.0,0.0,1.0,1.0,1.0,1.0,1.0,1.0,0.0,0.0,1.0,0.0,0.0,1.0,1.0,130369.20621715786,-72.98974428396971,32588.652067075265
2023-05-05T15:42:40.891,2.336786491866942,6.8000455626846446,2.3965232283365587,6.874441547753808,9.794821339257574,-0.27469584265146985,-7.780772887434047,-0.36220254611364666,-2.2121709749061225,9.735185987933782,-5.175278915040071,-8.930985202902969,-3.192756944287116,6.374896306918153,6.884587541241764,-7.843215052353395,-1.512797842425102,2.720352702288322,-8.142393732776922,-9.610011265352382,-9.56313854943368,6.73774536529414,1.6641402086627188,8.808718891805135,-3.8653047736716974,7.0244244934934095,-9.82511084865968,-1.1308419078751584,-0.8841708944636046,4.3966312459959465,-3.2361983941813657,8.267238368253114,-1.5645995929235426,-2.0417143524809074,-1.9615718396985518,2.9351435076428274,7.575547771055714,-9.64078941590923,-1.6310681997373564,5.642010263221151,3.604909881958294,9.754094856073245,7.250686022282192,1.0981435381995563,0.0,1.0,1.0,1.0,1.0,0.0,1.0,1.0,1.0,1.0,1.0,1.0,1.0,1.0,0.0,1.0,0.0,1.0,0.0,0.0,120393.26774257582,-85.6155877439879,30094.036156256756
2023-05-05T15:42:40.891,2.336786491866942,6.8000455626846446,2.3965232283365587,6.874441547753808,1.7242283781076306,7.403092313505898,-3.5736920483512185,2.7127551347627143,-6.249308431195234,9.44536218537354,3.7365404135863614,-4.274889132195416,6.441164148697364,-1.5799531958976467,-5.606307025942334,4.32912347349556,-5.097531637727859,-7.546428504392236,4.03592292926044,-8.242703274598728,-7.370751456942326,3.7440941683556215,5.829020502816908,1.8545111101651734,0.9072710240361488,-9.365977591593367,-8.649847552687222,9.191155874795015,-9.783614081074367,3.724925255646699,-6.400493642884692,2.763455686907484,-2.5278811901838507,4.633914433468792,-4.385036380692445,-4.411211970681054,0.38030103132778414,3.547225004167485,-5.502535614758988,4.638673455215174,-7.623517735124658,8.796312621503375,-4.772221413852744,2.8753999394558765,1.0,1.0,1.0,0.0,0.0,1.0,1.0,0.0,1.0,0.0,0.0,1.0,1.0,1.0,1.0,1.0,1.0,1.0,1.0,1.0,110413.41639206755,-70.48898222586894,27599.82964890559
2023-05-05T15:42:40.891,2.336786491866942,6.8000455626846446,2.3965232283365587,6.874441547753808,1.7242283781076306,7.403092313505898,-3.5736920483512185,2.7127551347627143,-6.249308431195234,9.44536218537354,3.7365404135863614,-6.256095605315619,6.441164148697364,-3.893586921597552,-5.606307025942334,4.32912347349556,-5.097531637727859,9.499737441134432,4.03592292926044,-8.242703274598728,-7.370751456942326,3.7440941683556215,5.829020502816908,1.8545111101651734,0.9072710240361488,-2.087729251102896,-9.482178459885631,9.191155874795015,-9.783614081074367,3.724925255646699,-6.400493642884692,2.763455686907484,-2.5278811901838507,4.633914433468792,-4.385036380692445,-4.411211970681054,0.38030103132778414,3.547225004167485,-5.502535614758988,2.8077389583955075,-7.623517735124658,8.796312621503375,-4.772221413852744,2.8753999394558765,1.0,1.0,1.0,0.0,0.0,1.0,1.0,0.0,1.0,0.0,1.0,1.0,1.0,1.0,1.0,1.0,1.0,1.0,1.0,1.0,90401.05548691879,-61.30743088009966,22597.198500185692
2023-05-05T15:42:40.895,2.336786491866942,6.8000455626846446,2.3965232283365587,6.874441547753808,-1.1367842499264533,2.643036438168818,0.1726582671887833,3.8864285353290944,-2.8713664397282006,-3.3718944443609455,-4.906565429228161,4.667666492876565,-1.9560022930328271,-0.1898793806786494,-6.455773360877513,-1.4508357150804607,-9.333336554539107,-4.741795156417334,-0.9781511084506063,2.3865931283335504,-6.864048060169955,-6.500864301326958,-0.9834508622502824,-3.028091640817366,9.727326774019113,-0.8598360674342302,2.266433708494838,8.919202477065511,1.5498132148022785,5.10435366473365,-1.266065045082689,5.56499688930419,-7.150143800870984,-7.765113432817797,-3.230592515591293,9.34121032781904,-2.2407350022915677,9.829637772268885,-5.568835965344965,6.208052747344798,-0.6143186639730698,3.893111841115128,-4.085511309884637,-5.661834888900246,1.0,1.0,1.0,1.0,0.0,1.0,1.0,1.0,1.0,1.0,0.0,1.0,1.0,1.0,1.0,1.0,1.0,1.0,1.0,1.0,90378.67160305333,-64.35001950449447,22591.450399788107
2023-05-05T15:42:40.896,2.336786491866942,6.8000455626846446,2.3965232283365587,6.874441547753808,0.044996095839397565,-2.9644538852847404,5.624370218878061,9.090993754639504,4.395741265555942,9.639148508894639,1.8834423447424395,3.0299535320855195,-4.308121954964923,0.9206886841625606,-3.0030755503607587,6.598900484580618,4.011655141334852,7.010929794737667,0.9115463918494964,-4.368946102527896,-1.238889520210733,3.20008928341747,-0.4032038718632931,2.5169993627828413,0.4822123570233595,-1.1635639601646193,6.633353086817895,9.007455583179595,-6.066988961484568,9.6923430549915,-3.4645863843205063,-3.1142008865259774,-6.776485842930917,2.2376363186768735,0.5847617769645339,-3.6412847660463874,-4.407800515069458,6.231829778757108,-1.0415131738397254,3.3801134046209853,1.5568103762288557,2.2396119210291925,-3.878517997418443,6.447898188074941,1.0,0.0,0.0,1.0,1.0,1.0,0.0,1.0,1.0,1.0,1.0,0.0,1.0,1.0,1.0,1.0,1.0,1.0,1.0,1.0,90304.24602949033,-42.17263743208032,22573.952875500978
2023-05-05T15:42:40.896,2.336786491866942,6.8000455626846446,2.3965232283365587,6.874441547753808,-5.142180935405461,-1.655217119114563,-8.42750771214896,-2.524999568989995,-2.2730395643331986,3.9008883646215304,-8.105201638455659,7.57656762612221,-6.734716119323874,4.770155192801978,-6.116967428462113,3.0625047632276754,8.506271593896987,9.538830544714564,-7.004515925885453,3.2655425965983973,4.136651482047135,-1.562301230144131,-8.791651463525893,6.881728972852098,-9.456312881406848,6.422022166663787,-2.8704891454342345,0.6957898670068419,7.651743595182456,3.981366079697641,1.1377467226385836,-4.971478448006007,-0.6633263104916676,-2.4697351200324684,-0.29166831988027875,5.32327439334067,-9.42275246868802,1.925151036541572,-4.507649587390237,0.923119024135544,-1.2980986989925098,-1.4131798542699556,-3.410717180531856,9.22693556935634,1.0,1.0,1.0,1.0,1.0,1.0,0.0,1.0,0.0,1.0,1.0,1.0,0.0,1.0,1.0,1.0,1.0,1.0,1.0,1.0,70391.15518379757,-66.48940625876216,17594.464325636454
2023-05-05T15:42:40.901,2.336786491866942,6.8000455626846446,2.3965232283365587,6.874441547753808,8.449870226001329,7.599364758205759,-8.567219341026863,8.315222922954089,-0.5324447982875153,9.856305634184803,5.089145620258546,4.586076910867222,2.602305358096647,2.31545386132564,-0.0750420673472334,5.198168561241786,-5.112949990063235,7.319598403620123,-6.924790909392817,2.64513175989733,-5.0955981320592185,3.267489740628956,-6.5659671572223095,7.95680897532673,-0.08906750510398886,1.3915102896433584,-7.9208376679731956,-6.884516587241354,4.021143269279952,8.825346896831466,-7.054958349526904,7.9442124017810265,1.8363713420846093,4.993028950475661,0.9955885063273868,3.6445991793536123,9.551923578620526,-1.7332462418828758,-4.4284743965791415,8.169449911990219,3.938973658863808,6.467825693887076,-6.061365634125266,-9.240882933560982,0.0,1.0,1.0,0.0,0.0,1.0,1.0,1.0,1.0,1.0,1.0,1.0,0.0,1.0,1.0,1.0,0.0,1.0,0.0,1.0,70340.85056506332,-62.28949053097963,17582.09816673928
2023-05-05T15:42:40.902,2.336786491866942,6.8000455626846446,2.3965232283365587,6.874441547753808,-9.56255668417715,-0.403503225278505,-0.8051871304781919,4.891800000362012,-6.438642584615249,9.665897009448166,-4.066014457879161,-9.548534158058365,-5.896782666972048,-0.04783447037316796,-8.630520778984952,7.821338276917462,-6.3028181292560586,8.163056755415496,-5.407693269020577,7.77502350895964,-2.8104939934035578,3.4650583213907886,8.492370319197155,-1.2651888907560833,-8.452277105448756,-0.2365189193919286,-5.973380713674956,1.356371636082603,1.740509694010495,8.595701761286222,-1.1947752966632321,7.838967752080602,-1.8251257141664812,1.8130350124554386,-3.3694304603803786,9.46651161751751,1.6828797733452858,8.664092777706,-0.15012063656881658,0.09680633444026926,-8.782473186226543,-4.910587076785344,-4.851979766044467,0.23151159851114222,1.0,1.0,1.0,1.0,1.0,1.0,1.0,1.0,1.0,0.0,1.0,1.0,1.0,1.0,1.0,1.0,1.0,1.0,1.0,1.0,60396.85525521038,-57.07686948222084,15096.359970328484
2023-05-05T15:42:40.904,2.336786491866942,6.8000455626846446,2.3965232283365587,6.874441547753808,-9.56255668417715,-0.403503225278505,-0.8051871304781919,4.891800000362012,-6.438642584615249,9.665897009448166,-4.066014457879161,9.705349590225815,-5.896782666972048,-0.04783447037316796,-8.630520778984952,7.821338276917462,-6.3028181292560586,8.163056755415496,-5.407693269020577,7.77502350895964,-2.8104939934035578,3.4650583213907886,8.492370319197155,-1.2651888907560833,-8.452277105448756,-0.2365189193919286,-5.973380713674956,1.356371636082603,1.740509694010495,8.595701761286222,-1.1947752966632321,7.838967752080602,-1.8251257141664812,8.258290928653786,-3.3694304603803786,9.46651161751751,1.6828797733452858,8.664092777706,-0.15012063656881658,0.09680633444026926,-8.782473186226543,-4.910587076785344,-4.851979766044467,0.23151159851114222,1.0,1.0,1.0,1.0,1.0,1.0,1.0,1.0,1.0,0.0,1.0,1.0,1.0,1.0,1.0,1.0,1.0,1.0,1.0,1.0,50382.98696829033,-50.15178256185452,12593.23915294449
2023-05-05T15:42:40.908,2.336786491866942,6.8000455626846446,2.3965232283365587,6.874441547753808,2.834063790929604,5.321970228812773,-4.875179741444775,6.010014506987744,1.4656269960517712,7.224888738781389,-0.884394712193389,6.651766888153083,-6.588211896130171,1.9222234648918293,-4.687759924439805,9.941089743188265,-9.781062606648486,2.81692019370944,-2.001706378110046,2.739888029188924,-2.809823151591475,9.677456269894401,-3.1373534360655135,7.8116058743837264,2.0174610551291328,6.476064340424105,1.5598059998263514,0.8010285023385215,-7.143292253541574,6.016523087591485,-4.07777861221419,7.049562579882718,-1.2319742748142897,2.986804849227004,-3.824668432253563,9.42420108488019,-1.8406653649493414,0.36551042286242375,-0.1733575788949615,-1.073356792532772,3.089716903377191,8.731501942320069,-2.2554875792750875,9.40535276207494,0.0,1.0,1.0,1.0,1.0,1.0,1.0,1.0,1.0,1.0,1.0,1.0,1.0,1.0,1.0,1.0,1.0,1.0,0.0,1.0,50315.95936289658,-45.57106815150545,12576.71128731657
2023-05-05T15:42:40.908,2.336786491866942,6.8000455626846446,2.3965232283365587,6.874441547753808,2.834063790929604,5.321970228812773,-4.875179741444775,6.010014506987744,1.4656269960517712,7.224888738781389,-0.884394712193389,6.651766888153083,-6.588211896130171,9.761798770868351,-6.181977450488239,9.941089743188265,-9.781062606648486,2.81692019370944,-2.001706378110046,2.739888029188924,-2.809823151591475,9.677456269894401,-3.1373534360655135,7.8116058743837264,2.4683738403424327,6.476064340424105,1.5598059998263514,0.8010285023385215,-7.143292253541574,6.016523087591485,-4.07777861221419,7.049562579882718,-1.2319742748142897,2.986804849227004,-3.824668432253563,9.42420108488019,-1.8406653649493414,0.36551042286242375,-0.1733575788949615,4.12523650615509,3.089716903377191,8.731501942320069,-2.2554875792750875,9.40535276207494,0.0,1.0,1.0,1.0,1.0,1.0,1.0,1.0,1.0,1.0,0.0,1.0,1.0,1.0,1.0,1.0,1.0,1.0,0.0,1.0,50314.04455464419,-46.91532592495207,12576.1653723648
2023-05-05T15:42:40.908,2.336786491866942,6.8000455626846446,2.3965232283365587,6.874441547753808,-9.52995061448017,0.3846400725387572,-0.7088825476796379,5.430372369555247,-6.0282803272281384,9.545840599251907,-4.404235499410391,8.770405594399614,-6.401050252771487,-0.1921154673644882,-9.12453039965792,7.102375149707593,-6.734293704422745,8.598521125066165,-4.675779478124904,8.186722926657046,-3.4866549835227607,3.3923626385872265,9.85596006489266,-1.477540041024061,-9.767863060030518,-1.0066270655505014,-5.9824574596886135,1.4313977887709863,1.5391709589950562,8.86430321749196,-1.9651565569561975,8.08071722725391,-1.8640506603518028,7.455778908237165,-2.1512568256836033,9.570239615482741,1.0315532310459643,8.793847934252305,1.200127695127381,-0.6276922376219947,-9.38853416366618,-4.727788496157913,-4.863608041614192,0.727747302109341,1.0,1.0,1.0,1.0,1.0,1.0,1.0,1.0,1.0,0.0,1.0,1.0,1.0,1.0,1.0,1.0,1.0,1.0,1.0,1.0,40389.65242585501,-50.05411819075137,10094.910400554216
2023-05-05T15:42:40.909,2.336786491866942,6.8000455626846446,2.3965232283365587,6.874441547753808,-5.701658272043428,7.606522997259251,1.03875023373087,6.7689319264593095,-6.484973962581865,9.223811680184046,-6.129292645671473,4.669547534361452,-8.040576394687655,-0.4539968789841608,-4.7489378782211356,7.87864362973486,-8.37578551436669,6.389033021748314,-6.589919989243298,8.572250141513791,0.8141340190839168,3.6234689006707597,7.057742640024831,7.442006115575057,-8.428596949051892,-1.1394876080877026,-8.82586728713506,2.3119613663141387,0.04954983780547195,9.049658384098093,-2.847419493132197,2.2270454662994315,2.337573233771686,4.454921642387109,-4.705345176495591,5.013468485063587,0.9132765338354318,9.156123461821828,0.26853884697177066,-1.5529596495065436,-6.442458251438177,4.555917973695097,-6.006833563432874,0.8914526562870456,1.0,1.0,1.0,1.0,1.0,1.0,1.0,1.0,1.0,0.0,1.0,1.0,1.0,1.0,0.0,1.0,1.0,1.0,1.0,1.0,30365.026438276713,-49.08468553202985,7588.8023752925765
2023-05-05T15:42:40.913,2.336786491866942,6.8000455626846446,2.3965232283365587,6.874441547753808,-3.1587966946653987,4.3256053589631005,-2.0660350717018785,4.68986404793104,-4.607180898308421,5.38640247256261,1.777078034622332,8.081947822514977,-8.62367946397266,9.760070953502277,-8.231236829514462,7.476758348503067,-9.74533987477714,0.24468778145950087,-9.785555887217182,-0.8539087674986146,-4.840230573747455,5.3670025430859845,-2.4463691855863963,5.666744272973876,4.5050886082267985,8.079084732890937,1.0682801161274602,1.0729337188981707,-7.463094051961159,9.44155129349665,-7.002898048685676,2.403172505765634,-7.126417559628267,3.6935661002811724,-1.2146329776678397,8.41870852400174,-6.00789247584688,3.7314980023329776,-2.494076843804291,5.41482261369613,-4.005952788265956,2.9874117251744394,-9.486346827004628,9.236343921586098,1.0,1.0,1.0,1.0,1.0,1.0,1.0,1.0,1.0,1.0,0.0,1.0,1.0,1.0,1.0,1.0,1.0,1.0,1.0,1.0,20389.748992644847,-46.19730377891244,5095.127382972266
2023-05-05T15:42:40.919,2.336786491866942,6.8000455626846446,2.3965232283365587,6.874441547753808,-5.701658272043428,7.606522997259251,1.03875023373087,6.7689319264593095,-6.484973962581865,9.223811680184046,-6.129292645671473,4.669547534361452,-8.040576394687655,-0.4539968789841608,-4.7489378782211356,7.87864362973486,-8.37578551436669,6.389033021748314,-6.589919989243298,8.572250141513791,0.8141340190839168,3.6234689006707597,1.3142826881352183,7.442006115575057,-8.428596949051892,3.380092850869687,-8.82586728713506,2.3119613663141387,0.04954983780547195,9.049658384098093,-2.847419493132197,2.2270454662994315,2.337573233771686,4.454921642387109,-4.705345176495591,5.013468485063587,0.9132765338354318,9.156123461821828,0.26853884697177066,-1.5529596495065436,-6.442458251438177,4.555917973695097,-6.858931992066449,0.8914526562870456,1.0,1.0,1.0,1.0,1.0,1.0,1.0,1.0,1.0,1.0,1.0,1.0,1.0,1.0,0.0,1.0,1.0,1.0,1.0,1.0,20364.98000901906,-41.358986638103005,5089.17705292286
2023-05-05T15:42:40.921,2.336786491866942,6.8000455626846446,2.3965232283365587,6.874441547753808,-3.592073389375395,1.3260772558798746,-8.840972243449839,6.1330210102254945,-3.272942539407843,-2.8060451969020335,-7.9708694554892086,5.563003462922561,-0.7905925894842873,3.929378153688648,1.739052510151282,8.279593524266966,-1.5047741888819384,5.412752692926574,-8.102234296268708,2.6888478783498244,-1.6376100336526989,3.701219732930222,-3.0000175239127476,9.372232313826755,-2.9310861461733086,6.668425041256657,-3.341618054229327,8.819136976357113,-6.010199535604951,5.307562002029803,-3.0271190583633163,1.970118621778143,-1.4200325606301993,8.753385235683615,-2.132502629066552,7.813028934940003,-3.621618689119471,4.5219313577791995,8.172389468151113,6.899687343699283,-5.7914692577162805,7.036678456629298,-7.635035688486572,-0.10042981994961764,1.0,1.0,1.0,1.0,1.0,1.0,1.0,1.0,1.0,1.0,1.0,1.0,1.0,1.0,1.0,1.0,1.0,0.0,1.0,1.0,10351.524452359203,-46.86992750682617,2585.5376167144595
2023-05-05T15:42:40.924,2.336786491866942,6.8000455626846446,2.3965232283365587,6.874441547753808,-3.592073389375395,1.3260772558798746,-8.840972243449839,6.1330210102254945,-3.272942539407843,-2.8060451969020335,-7.9708694554892086,5.563003462922561,-0.7905925894842873,3.929378153688648,-3.283444458634196,6.020848324139207,-1.5047741888819384,4.408886079957311,-8.102234296268708,2.6888478783498244,-1.6376100336526989,3.701219732930222,0.11123312338324265,9.372232313826755,-2.9310861461733086,6.668425041256657,2.2445247085967237,8.819136976357113,-6.010199535604951,5.307562002029803,-1.8588110747098563,7.6712119057990495,0.6985981013624796,8.753385235683615,-2.132502629066552,7.813028934940003,-3.621618689119471,4.5219313577791995,8.172389468151113,6.899687343699283,-5.7914692577162805,7.036678456629298,-7.635035688486572,-0.10042981994961764,1.0,1.0,1.0,1.0,1.0,1.0,1.0,1.0,1.0,1.0,1.0,1.0,1.0,1.0,1.0,1.0,1.0,0.0,1.0,1.0,10339.351778261698,-42.688599327456316,2582.7035145990517
2023-05-05T15:42:40.931,2.336786491866942,6.8000455626846446,2.3965232283365587,6.874441547753808,-3.592073389375395,1.3260772558798746,-8.840972243449839,6.1330210102254945,-3.272942539407843,8.445798475946567,-7.9708694554892086,5.563003462922561,-0.7905925894842873,3.929378153688648,-3.283444458634196,7.750996118126504,-1.5047741888819384,4.408886079957311,-8.102234296268708,2.6888478783498244,-1.6376100336526989,3.701219732930222,0.11123312338324265,9.372232313826755,1.2649279249570995,6.668425041256657,2.2445247085967237,8.77018866303163,-6.010199535604951,5.307562002029803,0.46573618048982013,7.6712119057990495,0.6985981013624796,8.753385235683615,-2.132502629066552,7.813028934940003,-3.621618689119471,4.5219313577791995,8.172389468151113,6.899687343699283,-5.7914692577162805,7.036678456629298,-8.611943338268254,-0.10042981994961764,1.0,1.0,1.0,1.0,1.0,1.0,1.0,1.0,1.0,1.0,1.0,1.0,1.0,1.0,1.0,1.0,1.0,0.0,1.0,1.0,10325.231064924023,-40.027330377284194,2579.3063997121412
2023-05-05T15:42:40.938,2.336786491866942,6.8000455626846446,2.3965232283365587,6.874441547753808,-3.230259464770274,9.707616275689002,-4.781910047207416,9.932127701759127,-1.148270161620296,9.90126332137168,0.04014785403273269,8.447192952987509,-8.850648994130054,6.368367866141862,-6.551411500768188,7.641113449755484,1.104109823448749,3.3875595856701484,-5.645767745303022,5.313810238996227,0.10429111683532621,6.523465615677879,-0.6913181871846127,6.393633219496608,-6.661994884373718,2.5926412571767763,-7.281094842897323,3.871542941926121,-6.077254561577791,3.424223414012647,-5.923477015320046,6.267981141659447,-6.405186064860154,3.722294577660403,-1.8089293999085767,3.670230018334081,-7.929525250926521,8.490345034831847,-2.899330283639164,6.610850040167772,-3.959534934614453,1.63586431791584,-8.690784865725083,-7.175915359808899,1.0,1.0,1.0,1.0,1.0,1.0,1.0,1.0,1.0,1.0,1.0,1.0,1.0,1.0,1.0,1.0,1.0,1.0,1.0,1.0,384.8979238620301,-49.29817685582697,93.75957212271618
2023-05-05T15:42:40.945,2.336786491866942,6.8000455626846446,2.3965232283365587,6.874441547753808,-6.138916221801603,8.524724474624481,1.8830498292297502,6.946789564408585,-5.994161064768969,9.480948285209418,-5.528152490469038,4.62205604037496,-7.028500145286828,-0.6604553063246792,-4.956759925927192,8.361628935945745,-8.980658920609457,7.5069954321506085,-5.355208388802421,8.813340742961543,1.2136160729550483,3.4881443502080725,2.22908846636052,7.621114916475018,-8.819555562964622,1.6132920089603462,-9.97677917799232,2.876933069354251,-8.167539142427943,8.930230582515524,-2.927834947953843,2.3227786672188317,0.21794666408542707,4.799616207514176,-3.589028470003188,4.93713978251707,-1.6162981637462808,6.89027100106194,-0.8864666576011737,-2.1845998921285026,-6.918309752594274,3.4749572637289696,-6.36107781934979,9.714742468926413,1.0,1.0,1.0,1.0,1.0,1.0,1.0,1.0,1.0,1.0,1.0,1.0,1.0,1.0,1.0,1.0,1.0,1.0,1.0,1.0,382.7080704294614,-39.927006746042515,93.68066727006321
2023-05-05T15:42:40.945,2.336786491866942,6.8000455626846446,2.3965232283365587,6.874441547753808,-6.548030781353043,8.524724474624481,1.8830498292297502,6.946789564408585,-5.994161064768969,9.480948285209418,-5.528152490469038,4.62205604037496,-7.028500145286828,6.116504687125017,-4.956759925927192,8.361628935945745,-8.980658920609457,7.5069954321506085,-5.355208388802421,8.813340742961543,1.2136160729550483,3.4881443502080725,2.22908846636052,7.621114916475018,-8.819555562964622,1.6132920089603462,-9.97677917799232,2.876933069354251,-8.167539142427943,8.930230582515524,-2.927834947953843,2.3227786672188317,0.21794666408542707,4.799616207514176,-3.9240309936834703,4.93713978251707,-1.6162981637462808,6.89027100106194,-0.8864666576011737,-2.1845998921285026,-6.918309752594274,3.4749572637289696,-6.36107781934979,1.46340293876484,1.0,1.0,1.0,1.0,1.0,1.0,1.0,1.0,1.0,1.0,1.0,1.0,1.0,1.0,1.0,1.0,1.0,1.0,1.0,1.0,382.44890955265095,-40.149049289136414,93.60477492370592
2023-05-05T15:42:40.947,2.336786491866942,6.8000455626846446,2.3965232283365587,6.874441547753808,-4.165601874213857,5.306467292517013,-7.295914545196951,6.394659078192914,-3.019588125470282,2.1481204312830595,-0.026173431709083816,4.040743268546921,-7.158544308284521,6.187856253713066,-6.364310488509124,7.033753855414838,-0.5262903623881567,2.8296049383339676,-1.2744399841261298,3.8893690833757653,-2.9579878844886793,5.433924392721929,-1.483862437848273,8.172875220347766,-5.476265699475142,4.880290213649858,1.1185236997741055,7.374903146154979,-3.6271827280131523,2.1246600326041296,-3.5211829924592726,3.956541696144623,-3.3088343390778205,4.664679548530442,-0.596326164438888,4.9567590866874465,-7.733372475378455,5.128297279232997,-1.8787691125669541,5.6225131824234955,-3.0206452172447706,3.7120292007290585,-4.945596918161462,-6.003550295952466,1.0,1.0,1.0,1.0,1.0,1.0,1.0,1.0,1.0,1.0,1.0,1.0,1.0,1.0,1.0,1.0,1.0,1.0,1.0,1.0,335.2689941142797,-36.07836803642293,82.01333012674877
2023-05-05T15:42:40.956,2.336786491866942,6.8000455626846446,2.3965232283365587,6.874441547753808,-6.266683954276093,5.864304445110899,-0.10320155064918746,4.524670720101045,-0.6021068874627371,8.496253366028492,-6.152735206773851,7.580942549555534,-0.6486338070049482,4.879334807129489,0.1110150797325904,8.142116537171802,-5.476081892497441,9.762349985073616,-4.595331372455082,-2.039163337914936,-4.901538181581037,6.273793223751362,-1.2106424651505043,9.942691890305005,-3.6275160591511844,3.696998282264171,1.907695489758809,1.8854345540185484,-5.156593553668147,7.044933286142189,0.4184122373131194,6.667929617713575,-8.672131907303307,8.345590754536037,0.7908132058479973,8.874161383529309,-6.478989703237173,8.210917908885559,-7.093734883183151,6.624544932643849,-0.7209479571844364,9.272501053578956,-1.9936674218845334,3.43314483195629,1.0,1.0,1.0,1.0,1.0,1.0,1.0,1.0,1.0,1.0,1.0,1.0,1.0,1.0,1.0,1.0,1.0,1.0,1.0,1.0,332.112112664616,-38.67152682790379,81.0944518247588
2023-05-05T15:42:40.956,2.336786491866942,6.8000455626846446,2.3965232283365587,6.874441547753808,-3.3747534195889015,4.639292418554715,-0.8500609199205562,2.326481538692051,-0.07746950391565416,7.137110686368747,-0.4783479125257656,2.410452117809585,-4.888749975265966,5.559096800581706,1.4365003141626156,6.4795357383397185,0.6931345754758189,7.129149732849456,-1.1514804481084038,3.5110708097018875,-2.6654048087603526,5.371347310893817,2.215626798214489,8.90639266284577,-3.809449482337187,5.727743841273111,-9.036471970593176,6.2019446015925155,-2.312890376206033,3.79868934920619,1.2067818993799238,5.198061292026391,-4.417183755916916,6.8592100696237575,-8.73465783182458,4.200683012092982,-8.627179579161321,6.599146408232369,-2.6004401114319453,7.780620387198941,0.19475844175329726,8.122094945598556,-1.8721196908444573,3.3187459751106045,1.0,1.0,1.0,1.0,1.0,1.0,1.0,1.0,1.0,1.0,1.0,1.0,1.0,1.0,1.0,1.0,1.0,1.0,1.0,1.0,300.0311382639648,-29.001527450038587,73.55770819348928
2023-05-05T15:42:40.959,2.336786491866942,6.8000455626846446,2.3965232283365587,6.874441547753808,0.9037593264490773,4.0195243737382444,-7.295914545196951,8.5551705524351,-3.019588125470282,2.1481204312830595,-0.026173431709083816,3.642036703593681,-0.9024997597616813,6.187856253713066,-6.364310488509124,7.033753855414838,-0.5262903623881567,2.8296049383339676,-1.2744399841261298,3.8893690833757653,1.7883844549527381,4.849496900187697,-1.483862437848273,8.172875220347766,-5.476265699475142,4.880290213649858,0.5860056760727002,7.374903146154979,-2.3031307469998916,2.308421140342719,-3.5211829924592726,3.956541696144623,1.1338569159785044,4.664679548530442,-0.596326164438888,4.9567590866874465,-7.733372475378455,5.128297279232997,-1.8787691125669541,5.6225131824234955,-1.5528317400054452,3.7120292007290585,-4.945596918161462,-2.7623359490659696,1.0,1.0,1.0,1.0,1.0,1.0,1.0,1.0,1.0,1.0,1.0,1.0,1.0,1.0,1.0,1.0,1.0,1.0,1.0,1.0,297.7431703770828,-35.67256777979753,72.65216420528081
2023-05-05T15:42:40.959,2.336786491866942,6.8000455626846446,2.3965232283365587,6.874441547753808,-3.3747534195889015,4.639292418554715,-0.8500609199205562,2.326481538692051,-0.07746950391565416,7.137110686368747,-0.4783479125257656,2.410452117809585,-4.888749975265966,5.559096800581706,1.4365003141626156,6.4795357383397185,0.6931345754758189,7.158303048589005,-1.1514804481084038,3.5110708097018875,-2.6654048087603526,5.371347310893817,2.215626798214489,8.90639266284577,1.5633202347437516,5.727743841273111,-9.036471970593176,6.2019446015925155,-2.312890376206033,3.79868934920619,1.2067818993799238,5.198061292026391,-4.417183755916916,6.8592100696237575,-8.73465783182458,4.200683012092982,-8.627179579161321,6.599146408232369,-2.6004401114319453,7.780620387198941,0.19475844175329726,8.122094945598556,-1.8721196908444573,3.3187459751106045,1.0,1.0,1.0,1.0,1.0,1.0,1.0,1.0,1.0,1.0,1.0,1.0,1.0,1.0,1.0,1.0,1.0,1.0,1.0,1.0,291.0797353526458,-29.973300783781724,71.27126879897236
2023-05-05T15:42:40.959,2.336786491866942,6.8000455626846446,2.3965232283365587,6.874441547753808,-3.3747534195889015,4.639292418554715,-0.8500609199205562,2.326481538692051,-0.07746950391565416,2.376318130297518,-0.4783479125257656,2.410452117809585,-4.888749975265966,5.559096800581706,1.4365003141626156,6.4795357383397185,0.6931345754758189,7.158303048589005,-1.1514804481084038,3.5110708097018875,-2.6654048087603526,6.938186194465704,2.215626798214489,8.90639266284577,1.5633202347437516,5.727743841273111,-5.343464131515334,6.2019446015925155,-2.312890376206033,3.79868934920619,1.2067818993799238,5.198061292026391,-4.417183755916916,6.8592100696237575,-5.12144008908518,4.200683012092982,-8.627179579161321,6.599146408232369,-2.6004401114319453,7.780620387198941,0.19475844175329726,8.122094945598556,-1.8721196908444573,3.3187459751106045,1.0,1.0,1.0,1.0,1.0,1.0,1.0,1.0,1.0,1.0,1.0,1.0,1.0,1.0,1.0,1.0,1.0,1.0,1.0,1.0,278.89593919867366,-32.201122393927335,68.11392867997205
2023-05-05T15:42:40.962,2.336786491866942,6.8000455626846446,2.3965232283365587,6.874441547753808,-0.6159890113709459,4.639292418554715,-0.8500609199205562,2.326481538692051,-0.07746950391565416,4.199847906905727,-0.4783479125257656,4.906249754288256,-4.888749975265966,5.559096800581706,1.4365003141626156,6.4795357383397185,0.6931345754758189,7.158303048589005,-5.287803660278632,3.5110708097018875,-0.6381031775396818,6.938186194465704,2.215626798214489,8.491254888761569,1.5633202347437516,5.727743841273111,-5.343464131515334,6.2019446015925155,-2.312890376206033,3.79868934920619,1.2067818993799238,5.198061292026391,-4.417183755916916,6.8592100696237575,-2.8866323292418197,4.200683012092982,-8.627179579161321,6.599146408232369,-2.2894108490949256,7.780620387198941,0.19475844175329726,8.122094945598556,-1.8721196908444573,5.3912069419734205,1.0,1.0,1.0,1.0,1.0,1.0,1.0,1.0,1.0,1.0,1.0,1.0,1.0,1.0,1.0,1.0,1.0,1.0,1.0,1.0,270.3586578049578,-34.62242991786801,65.85854295534604