x1,x2,class,DT_d2,DT_d3,DT_d4,DT_d5
7.77379651586886,-9.32127934201895,0,0,0,0,0
-9.485625534599361,-1.5516171346781285,1,1,1,1,1
8.314041440567543,-7.568166441151205,0,0,0,0,0
-9.00214969861404,9.381633786497538,1,1,1,1,1
1.4667608740738203,-1.390240772589454,1,1,0,1,1
-7.360586143035885,5.821278701248559,1,1,1,1,1
3.5447779910376873,9.94473833029572,0,0,0,0,0
-0.8462260570264473,-4.47842147822943,0,1,0,1,0
4.35227602794339,2.792716614350695,0,0,0,0,0
5.240810117117057,-3.996708964399536,0,0,0,0,0
-8.358553477942035,5.085078244994177,1,1,1,1,1
0.8843760152917657,1.0475249037479735,1,1,1,1,1
-5.512662437140648,3.5665741821776997,1,1,1,1,1
-9.1625858981204,0.16256772399259134,1,1,1,1,1
-8.750187043966019,-5.227755178291071,1,1,1,1,1
-4.652203064044644,7.87401272587023,1,1,1,1,1
-8.183166734802114,9.205392617621463,1,1,1,1,1
-4.746145000166124,-9.213780946851584,1,1,1,1,1
-6.9801802817525065,-6.114444835749884,1,1,1,1,1
-9.015262391642038,-7.542845943188339,1,1,1,1,1
-1.8588730878515385,-9.028889743916286,0,1,0,0,0
4.947124202535244,5.982697103551262,0,0,0,0,0
-7.077345733692509,-8.492097796095637,1,1,1,1,1
3.705249720081362,4.275693575544468,0,0,0,0,0
5.0099622015144885,-9.992507226875059,0,0,0,0,0
-5.176846297099413,5.286744192572266,1,1,1,1,1
4.035750618053946,-7.800785333273494,0,0,0,0,0
8.611698669743866,-9.546888121139478,0,0,0,0,0
-1.9487343945576256,2.73201661184361,1,1,1,1,1
8.169241091064645,-4.0573867341336545,0,0,0,0,0
-6.179932005971207,2.539437836952498,1,1,1,1,1
-8.858892807964908,8.906442706871253,1,1,1,1,1
8.505758484416276,-6.28075676544817,0,0,0,0,0
8.153140925837107,-4.9600875470187695,0,0,0,0,0
-1.4648686958047108,-1.6994718583198427,0,1,0,1,0
-2.558002915457058,3.085752198350999,1,1,1,1,1
-1.35898199789197,1.1168269690647588,1,1,1,1,1
-6.66207856663344,0.4144824269756846,1,1,1,1,1
-2.64734821002075,6.283118887246836,1,1,1,1,1
0.6144674217212387,-1.845737947372717,1,1,0,1,1
6.262816440234825,-7.852146434685954,0,0,0,0,0
-8.383825131910477,-4.888381780349402,1,1,1,1,1
-4.140330228556824,0.09368236195215118,1,1,1,1,1
8.550381737397117,4.717170883273523,0,0,0,0,0
1.5305188991435408,-6.982844511067567,0,1,0,0,0
-9.281655114641861,-1.2791588775806968,1,1,1,1,1
5.175644268920124,7.617941561810099,0,0,0,0,0
8.278365700630722,-4.238299674775736,0,0,0,0,0
-3.9183473725195768,-4.653448571349004,1,1,1,1,1
1.832483114365358,-6.051177341033405,0,1,0,1,1
-8.81630177407565,7.207514685464297,1,1,1,1,1
-0.6364736152282173,-0.31049152050486484,1,1,1,1,1
-3.7238053689641593,1.5541312011787571,1,1,1,1,1
1.7275120385097704,-1.9122805327907102,1,1,0,1,1
-9.287113338848789,6.304718717317257,1,1,1,1,1
-3.2658789706079716,5.252284017727673,1,1,1,1,1
-9.004379377097372,4.643070803489369,1,1,1,1,1
6.118060606775021,0.1437059918378516,0,0,0,0,0
5.620128785560807,9.999033006679944,0,0,0,0,0
-8.58903885258144,1.7313750211323882,1,1,1,1,1
8.311554928528029,-2.335479328035648,0,0,0,0,0
4.807897398626036,-2.886342500464549,0,0,0,0,0
-9.496443838573722,-1.5321582565633722,1,1,1,1,1
0.4994549709196754,-5.57728819183088,1,1,0,1,1
4.351499476503928,0.20195804988307486,0,0,0,0,0
-7.109955518167263,3.579936591425037,1,1,1,1,1
-0.6767638557697424,-2.8806657776997957,1,1,0,1,0
-9.094547532187889,-1.3202570624762657,1,1,1,1,1
-1.845242523734134,8.40184459615823,1,1,1,1,1
6.609640477022587,8.134561348054199,0,0,0,0,0
-5.268875087752008,5.4198922009324075,1,1,1,1,1
-2.365480450628425,-5.426204433233909,0,1,0,1,0
-6.481776754267186,5.439371254351331,1,1,1,1,1
-1.0615514437532845,1.3363204009811014,1,1,1,1,1
3.681820968508969,-3.47979955519291,0,0,0,0,0
-6.983881975186441,7.101805263240038,1,1,1,1,1
-9.26745320212273,2.0994169741020468,1,1,1,1,1
-4.5199878605280785,5.929238777893504,1,1,1,1,1
-8.512124131856357,-1.8293322492329764,1,1,1,1,1
-8.15674939140562,-9.172301270156112,1,1,1,1,1
-2.680507867495243,-9.59812241009686,0,1,0,0,0
-0.9909740292645068,-4.24215965060908,0,1,0,1,0
6.703369278388504,4.157968146702791,0,0,0,0,0
7.036375326038669,5.35725254530867,0,0,0,0,0
1.832126545155683,6.963918647189857,1,1,1,1,1
-3.951532625178369,1.4222445043277858,1,1,1,1,1
-2.3325707237378346,-4.995449177636697,0,1,0,1,0
8.964531704803704,-5.8824303500014,0,0,0,0,0
7.031609022188956,5.826168010487082,0,0,0,0,0
-9.793076749324259,1.2648792939222258,1,1,1,1,1
9.368005778019011,8.946786136172559,0,0,0,0,0
-5.335682755281392,9.799578457352961,1,1,1,1,1
-0.6227634997282152,-1.834061693062809,1,1,0,1,1
-2.9047936893614974,9.91011727509019,1,1,1,1,1
-4.715325606871803,8.726371156888789,1,1,1,1,1
-1.9485597260053602,9.944933258753789,1,1,1,1,1
1.5959088135954893,4.585916814703349,1,1,1,1,1
8.358701699165639,5.5095740003515274,0,0,0,0,0
-8.583317854045669,-7.915328524487224,1,1,1,1,1
-4.575988076209672,-3.6346408820723886,1,1,1,1,1
4.967951837289348,-4.36958688487228,0,0,0,0,0
-7.35061084031305,-1.9182683127263687,1,1,1,1,1
8.315755920833773,6.046990601643721,0,0,0,0,0
-8.711419175556294,-2.4543981602835663,1,1,1,1,1
-1.332045153301518,6.734455406282404,1,1,1,1,1
-0.5264403325158806,-2.539035704174875,1,1,0,1,1
8.467639998293674,9.286927841039944,0,0,0,0,0
-8.21809794072821,-8.502966064552634,1,1,1,1,1
-4.8153717504339255,-8.705357778398398,1,1,1,1,1
-7.270849513753291,7.2330509781576815,1,1,1,1,1
-7.477895362598859,1.978625767440903,1,1,1,1,1
-2.087306927648336,-2.7362523082105756,0,1,0,1,0
-4.917713963433911,0.38211116993531746,1,1,1,1,1
5.42091631523906,-9.134465503396962,0,0,0,0,0
3.2741974656491344,-7.698874028778986,0,0,0,0,0
-3.4371147373414708,6.010280034061729,1,1,1,1,1
6.186548050204127,-4.816414656065424,0,0,0,0,0
-2.829752897381111,-6.938749486935212,0,1,0,0,0
-0.2937425440460615,8.066429254201111,1,1,1,1,1
9.460469152562531,3.417554190422681,0,0,0,0,0
-4.984392937550464,-7.781560312378648,1,1,1,1,1
-1.436529101683675,3.0803660908024693,1,1,1,1,1
9.172751531802941,2.482607290809147,0,0,0,0,0
5.946028991708651,-5.926879357927337,0,0,0,0,0
8.694650877546913,9.459094813830198,0,0,0,0,0
9.617055939074547,-8.215690897044825,0,0,0,0,0
-3.86315679653449,-4.552761963497036,1,1,1,1,1
-2.1568787004471783,3.4367327308003652,1,1,1,1,1
-4.313429435209432,-0.5313041847138589,1,1,1,1,1
-0.4375639141481873,-9.93878671611032,0,1,0,0,0
-7.96495751443711,2.275139863880007,1,1,1,1,1
-0.31497851754651585,-4.157368787354743,1,1,0,1,1
-9.06299516626696,-4.764632372271258,1,1,1,1,1
-7.946454344060639,4.791978328045378,1,1,1,1,1
5.916247745378412,-9.239874281636922,0,0,0,0,0
-2.961521625136827,-4.154401623522574,1,1,0,1,0
2.0118643839516874,6.775707158721374,1,1,1,1,1
-3.160086515954048,-5.217826321279116,1,1,0,1,0
-1.3131230015572086,-8.803791622591424,0,1,0,0,0
9.675374900929292,-2.567641933868563,0,0,0,0,0
-2.5628659691307742,-6.5749879320525455,0,1,0,1,0
8.301513199576927,8.504518560470327,0,0,0,0,0
-2.226998453960003,-8.94448881479949,0,1,0,0,0
5.78830281163909,4.422753461966138,0,0,0,0,0
-9.88846951900798,-2.3154062121249552,1,1,1,1,1
-6.429078441185679,4.048099907277962,1,1,1,1,1
-9.626413993853479,7.473259574677222,1,1,1,1,1
-0.8824621132647792,2.0511799738800143,1,1,1,1,1
-7.927856980528629,-9.05530303642937,1,1,1,1,1
9.710136876033296,8.402676225601205,0,0,0,0,0
5.698646041141512,8.060834327370713,0,0,0,0,0
-4.7678228017530095,-5.851417582107972,1,1,1,1,1
-2.8177540594716666,1.7514461908733097,1,1,1,1,1
-8.389756472181826,-3.42084393555794,1,1,1,1,1
3.8689519710973705,5.844639487532888,0,0,0,0,0
9.125660216437698,9.732322504079626,0,0,0,0,0
7.40378733371783,5.554379313281238,0,0,0,0,0
-0.6636893348754711,-5.978235813155067,0,1,0,1,0
-9.266956960667137,-6.166110869072301,1,1,1,1,1
3.423501249205078,-4.804254330787046,0,0,0,0,0
-4.830934331638059,3.6461638882349483,1,1,1,1,1
-1.6562625549029484,-2.645243799856005,0,1,0,1,0
-1.0980134360915983,-9.371711134094493,0,1,0,0,0
-0.3141084745136098,3.352578608212456,1,1,1,1,1
-9.607153139285533,-9.094353857993578,1,1,1,1,1
2.583408309063099,8.307397501566214,0,0,0,0,0
-3.795966714565129,2.541844105588087,1,1,1,1,1
1.3585425647476779,-8.085623097328051,0,1,0,0,0
-6.388869161017294,2.030725012457701,1,1,1,1,1
2.356733588383669,-3.424040524343752,0,0,0,0,0
6.134354838183086,-5.665546508395421,0,0,0,0,0
2.1083843461032643,3.9392090591780082,1,1,1,1,1
2.604900284773384,6.126730604805925,0,0,0,0,0
-8.186207627803812,-8.120916936147133,1,1,1,1,1
-7.6073574388548115,1.2407657796845548,1,1,1,1,1
-1.499790458723993,-2.898281927867412,0,1,0,1,0
-0.4846422071983483,9.442315759190166,1,1,1,1,1
-6.192345957866268,-5.206263435118432,1,1,1,1,1
-1.2090029451458442,-1.657175910025794,1,1,0,1,0
-3.7936826976395377,-5.492559539451351,1,1,1,1,1
-3.8023721824302488,-0.3686990446295155,1,1,1,1,1
6.655662802604539,4.4811661564352825,0,0,0,0,0
-0.537922548395704,7.332247026089412,1,1,1,1,1
2.646279203296263,-4.697173046142595,0,0,0,0,0
-1.666470434887401,-3.3617598671598152,0,1,0,1,0
3.6643544266425785,-9.949966828439504,0,0,0,0,0
1.355262255502545,3.5955020149827135,1,1,1,1,1
-0.23223105509220687,-2.030212894698245,1,1,0,1,1
2.586542318948979,-5.144439309609585,0,0,0,0,0
7.787915873452366,1.1805446550271608,0,0,0,0,0
-4.670140080935285,-2.1030044500870897,1,1,1,1,1
-9.927127087654393,4.847035305308916,1,1,1,1,1
-5.356873161165641,5.841728289134844,1,1,1,1,1
3.2861646801357374,4.077237662993696,0,0,0,0,0
-5.3329304965121604,6.423442552766748,1,1,1,1,1
-4.035930074619978,8.071790324411847,1,1,1,1,1
-4.503772442570364,-5.049818427187505,1,1,1,1,1
7.086332314354038,5.546536376516766,0,0,0,0,0
6.661878277552145,-9.33719203812775,0,0,0,0,0
9.126044717953292,0.439545402178263,0,0,0,0,0
8.401055745069964,1.8768935146282661,0,0,0,0,0
0.7219037384095692,-0.23948591307359557,1,1,1,1,1
6.068758486496826,-9.79406124138814,0,0,0,0,0
4.601865481725389,0.5020274870152441,0,0,0,0,0
8.626121715042597,5.895485220506018,0,0,0,0,0
-3.353826927117936,-4.089796906650907,1,1,1,1,1
8.322790929715381,5.430180143976031,0,0,0,0,0
0.6984489389036277,-0.17069269020896982,1,1,1,1,1
0.8071756417778815,-8.492972571941323,1,1,0,0,0
-9.302483181992343,-3.4166088357601883,1,1,1,1,1
0.12825169719032203,3.7789666813159926,1,1,1,1,1
6.615948624174898,-5.16390204516237,0,0,0,0,0
-3.3924958980012416,1.643621195117781,1,1,1,1,1
-5.54356728300225,-5.307729548863476,1,1,1,1,1
-9.718418439782974,9.819445854830033,1,1,1,1,1
-6.992084932261909,-8.645561650804838,1,1,1,1,1
2.810578749466581,7.549630567215047,0,0,0,0,0
9.730047080123548,-2.6097326704958874,0,0,0,0,0
2.689481641014355,2.179564912736323,0,0,0,0,0
-1.3097682217312983,9.857359311834053,1,1,1,1,1
-2.7604358131316653,-8.218568261757236,0,1,0,0,0
-4.15871118444093,5.716342382905415,1,1,1,1,1
9.222363659862665,-3.4914871769888256,0,0,0,0,0
5.627874596074946,-5.134448027526604,0,0,0,0,0
-9.641865162263768,2.408368142780432,1,1,1,1,1
4.890247759374729,-1.214254890625826,0,0,0,0,0
3.1433035098196616,-6.628865466978704,0,0,0,0,0
2.0396238166380716,-3.851683159464785,0,1,0,1,1
0.6206508795210546,4.508635566289335,1,1,1,1,1
0.797387814436906,7.695724725587848,1,1,1,1,1
-4.096432968173138,0.7672459978033324,1,1,1,1,1
-8.528048685883157,5.285255208496418,1,1,1,1,1
-3.895083299722895,7.822064869479149,1,1,1,1,1
-1.424324801865712,-6.019827845981245,0,1,0,1,0
-5.0844739672582335,9.684903043424626,1,1,1,1,1
1.98553620882665,-7.203233812722485,0,1,0,0,0
-5.258068069638977,1.273021771123819,1,1,1,1,1
6.494888540188157,-5.125168149335522,0,0,0,0,0
4.895141362090953,3.0453318037869987,0,0,0,0,0
5.500588315196218,-3.281054423339535,0,0,0,0,0
-0.3082781824867471,-6.143735991855188,1,1,0,1,1
-9.93697693893547,9.427115996510206,1,1,1,1,1
-5.7868131456473915,4.359914422732583,1,1,1,1,1
0.08836712247047629,-8.571005714869809,0,1,0,0,0
-7.342791117109659,1.3266543012463785,1,1,1,1,1
-1.7802599494122529,3.7608988533781194,1,1,1,1,1
9.486688386146724,8.670239730577268,0,0,0,0,0
-7.96258839807791,-9.300695765752454,1,1,1,1,1
4.838634891709949,0.8641743504217914,0,0,0,0,0
-1.9820026070610002,-2.3361847117285635,0,1,0,1,0
6.794871682854737,-3.920988019099516,0,0,0,0,0
-3.8331540138078335,-0.029566474818523147,1,1,1,1,1
-2.850191515387815,-9.318624377848515,0,1,0,0,0
-7.5230458303167875,6.469724485670355,1,1,1,1,1
8.072922082864011,8.709256583091818,0,0,0,0,0
-6.090705895930699,7.775353111805284,1,1,1,1,1
-2.8569611247431386,2.021577002661747,1,1,1,1,1
3.956166784892531,-4.892541972395648,0,0,0,0,0
-5.568218369948077,8.678741389382036,1,1,1,1,1
9.260500000707978,-3.627150493788182,0,0,0,0,0
-6.713056581814487,8.186437021999996,1,1,1,1,1
-7.902369487905392,0.02900793611091501,1,1,1,1,1
8.757625118680142,-5.471197108000075,0,0,0,0,0
-5.178043549296534,-9.844345328673503,1,1,1,1,1
-0.12461936703261145,-3.1218182626218045,1,1,0,1,1
-7.207399571487583,-3.42148624253584,1,1,1,1,1
2.401022919854052,-7.783963115943613,0,0,0,0,0
2.4229454427750614,7.188438656659901,0,0,0,0,0
-5.716582288206982,-2.6017330117231303,1,1,1,1,1
-8.606912982820653,2.4725806058623885,1,1,1,1,1
9.72631214946373,7.248418541059863,0,0,0,0,0
8.044044596372572,-2.717101457239073,0,0,0,0,0
-1.4958243544428775,5.635520506382818,1,1,1,1,1
3.4604370533480218,-7.356126120544106,0,0,0,0,0
9.571875701278103,-6.323601005076487,0,0,0,0,0
4.571248122680611,-3.54197608725479,0,0,0,0,0
-8.150911395093107,-9.1507563389586,1,1,1,1,1
5.6016821594144,8.73760107826909,0,0,0,0,0
6.436619007873624,6.207267640797195,0,0,0,0,0
-0.21950644444743617,2.7353528704646024,1,1,1,1,1
5.650051826445491,8.0120387372897,0,0,0,0,0
2.75954490801438,4.48890976373373,0,0,0,0,0
-1.5329552159593778,-3.729702289696732,0,1,0,1,0
-5.2218656679225095,2.9785719177451657,1,1,1,1,1
-9.502169617263814,-1.8890646219179725,1,1,1,1,1
-5.271656461857022,1.1587426974980612,1,1,1,1,1
5.178166136612665,-2.9171269654555365,0,0,0,0,0
-8.158105120653085,-8.592739371999762,1,1,1,1,1
-3.5766282617125604,1.4296000008814822,1,1,1,1,1
1.3805776841708077,-2.982530135755484,1,1,0,1,1
0.8124065432939069,-9.762043587809133,0,1,0,0,0
-0.00990373513853271,2.146085114425979,1,1,1,1,1
-1.9681461849579556,6.696770316738206,1,1,1,1,1
-3.7191380234640707,-1.1784356333691974,1,1,1,1,1
-4.779972803638626,-6.283973796958691,1,1,1,1,1
8.521304204108468,7.378753215253681,0,0,0,0,0
8.804858149376507,6.307873792136377,0,0,0,0,0
-1.8306670419787014,-2.3345244319524134,0,1,0,1,0
-7.241400129468063,2.421313635567813,1,1,1,1,1
9.752250546472975,-7.701230911101198,0,0,0,0,0
-2.9375575903868567,-5.60140333710785,0,1,0,1,0
9.613617472861392,3.9780287197024293,0,0,0,0,0
-9.627895658855381,-6.090233186390237,1,1,1,1,1
-5.054109934557767,-9.866146148014042,1,1,1,1,1
1.992405708150164,-9.478544641740445,0,1,0,0,0
9.222102681513967,1.1831725070905446,0,0,0,0,0
8.201118462002242,7.158304362297386,0,0,0,0,0
7.619612286556055,-7.085944710770264,0,0,0,0,0
-1.4948947795471277,-5.104729560188426,0,1,0,1,0
-2.479520575375611,1.2301543138296047,1,1,1,1,1
-8.139242790866934,-0.31993150465727105,1,1,1,1,1
-9.496934848236581,-9.816072492831466,1,1,1,1,1
2.0377105636867494,7.350445900713183,1,1,1,1,1
-5.224480173409651,-2.687860599533167,1,1,1,1,1
-4.946426315032122,7.915227162278359,1,1,1,1,1
-7.529581216765548,-7.430051068439463,1,1,1,1,1
-8.776855470705517,3.3543189901740433,1,1,1,1,1
-1.7378570161924607,-1.781820700052375,0,1,0,1,0
0.28070256570635976,-1.7756380320117966,1,1,0,1,1
-9.116968614066971,-0.19990801206580322,1,1,1,1,1
2.6921147793244486,-0.5268794190676207,0,0,0,0,0
5.163838090429982,6.402618388018091,0,0,0,0,0
1.513694529219558,9.338170703605574,1,1,1,1,1
6.746403168440128,1.974111638645006,0,0,0,0,0
-4.230084216888976,0.5577272077893785,1,1,1,1,1
-3.9050914573272077,7.546561107425415,1,1,1,1,1
-4.033899134314489,8.405694067405726,1,1,1,1,1
5.730138820991172,-0.9090625648585764,0,0,0,0,0
-0.7188183767786267,-8.613538222578335,0,1,0,0,0
-0.6523847015391446,-3.1550483904622357,1,1,0,1,1
3.3286420776035275,4.717588424205905,0,0,0,0,0
5.399708258179556,1.3224558760332528,0,0,0,0,0
-8.032614220872185,-1.0475085343104222,1,1,1,1,1
8.181820484473231,-4.022317663099406,0,0,0,0,0
-4.447352810249781,-1.228159203798553,1,1,1,1,1
-9.724075220646471,-2.085526543139233,1,1,1,1,1
5.706599449865378,8.693208210928987,0,0,0,0,0
7.133444144664686,2.7450249437570218,0,0,0,0,0
8.861053158954274,1.1598184205264683,0,0,0,0,0
5.977440401898683,-4.113422094931504,0,0,0,0,0
5.978036729106535,-3.3535891158555415,0,0,0,0,0
-0.6836256592875465,3.712553414069701,1,1,1,1,1
-2.1852621943217283,0.3915021749868366,1,1,1,1,1
-7.2549653995285945,5.931364126118353,1,1,1,1,1
-2.337130651648998,0.45553990988648607,1,1,1,1,1
1.1584882781489831,0.5986423041133051,1,1,1,1,1
7.2283402170655435,4.081557499271931,0,0,0,0,0
-0.6898985487231251,-6.922995739818541,0,1,0,0,0
7.210109905721776,9.558417462877248,0,0,0,0,0
7.877159990050682,-5.976990097663055,0,0,0,0,0
-2.414587681590124,-7.013894046180336,0,1,0,0,0
-6.597215543288611,-5.845008313537161,1,1,1,1,1
-4.341436454712695,6.31858178628039,1,1,1,1,1
9.853490829130994,8.195551273292931,0,0,0,0,0
2.2219442222786494,-1.7219975312342672,0,1,0,1,1
7.381531292355618,-2.141775701171918,0,0,0,0,0
-6.659483924540808,4.450076735673491,1,1,1,1,1
-1.879986875479231,-7.9212723109979555,0,1,0,0,0
5.426070592835732,-5.648940846319606,0,0,0,0,0
-3.2136776446624875,-1.0428299467061564,1,1,1,1,1
2.478726509359488,-4.822619724882236,0,0,0,0,0
-7.859240720399696,-8.032066137899974,1,1,1,1,1
-2.15575117560957,-4.757747749395598,0,1,0,1,0
0.7810170393052562,7.6847175281136195,1,1,1,1,1
2.398936398825583,-3.8327632405631356,0,0,0,0,0
-5.418351753197275,6.616497844874033,1,1,1,1,1
-3.05172420610975,-5.3597152678095945,1,1,0,1,0
0.4821657256291161,6.41286046752159,1,1,1,1,1
1.9015478606332934,-8.920514548418101,0,1,0,0,0
-4.838297903164015,7.882849323176266,1,1,1,1,1
2.3894005601170107,5.7543425698302,0,0,0,0,0
8.991724380965607,-7.054311437626206,0,0,0,0,0
-1.812627348922046,-1.3271225581859998,0,1,0,1,0
-0.8258327285742855,8.96190704719237,1,1,1,1,1
-2.034606331971432,9.532599182141517,1,1,1,1,1
-8.35094254903359,-7.454019916917238,1,1,1,1,1
8.87171388639134,-6.788163728056508,0,0,0,0,0
-9.583305526249752,5.177410792154795,1,1,1,1,1
8.492400300467686,-8.155865492965912,0,0,0,0,0
4.548345219614527,-5.382041949199763,0,0,0,0,0
-3.53934596530239,-5.870409061689421,1,1,1,1,1
3.4628487976917697,-9.007291778746513,0,0,0,0,0
7.325540200277857,-1.7959565073407102,0,0,0,0,0
-5.986048766899897,-6.096834545941254,1,1,1,1,1
-3.7838213441314483,-7.77237353953838,1,1,1,1,1
8.960335469505068,7.749028140414417,0,0,0,0,0
6.305299504192924,-7.451672973075039,0,0,0,0,0
-0.9677505936010906,-8.963508310246732,0,1,0,0,0
-6.844407334839282,-3.309931971616855,1,1,1,1,1
5.910652385995432,8.617013848597242,0,0,0,0,0
1.890217057445243,1.4552572938655146,1,1,1,1,1
-0.9925969637340071,-2.7004867864587068,1,1,0,1,0
-0.17742823377790629,2.931047903096749,1,1,1,1,1
-8.77252589678517,2.6057198503484997,1,1,1,1,1
-8.531639814939336,3.8493894525113994,1,1,1,1,1
-1.0088324229768375,1.050911958046063,1,1,1,1,1
-6.916045219496492,0.334702856879705,1,1,1,1,1
2.5124103174571246,-7.855583401355267,0,0,0,0,0
-3.879975620410148,5.096041697290975,1,1,1,1,1
-3.71839503156834,7.592519508071003,1,1,1,1,1
0.252555594144404,-4.108954325907477,1,1,0,1,1
6.5332742170170235,-2.3359027725909653,0,0,0,0,0
2.8021999000599163,-3.095431198995029,0,0,0,0,0
5.951763385661602,-9.270580734786993,0,0,0,0,0
-8.533200470792062,-2.5876143609565494,1,1,1,1,1
-2.0009312255111915,-7.26499097498486,0,1,0,0,0
6.623850518026046,3.3812629641987293,0,0,0,0,0
-3.976533436157485,0.6572425251067315,1,1,1,1,1
0.6684483219615949,8.49192684714766,1,1,1,1,1
9.457554890360754,-9.958464527149014,0,0,0,0,0
2.587382434997977,8.694023614561377,0,0,0,0,0
-1.194942104329657,-3.025025510821811,0,1,0,1,0
-7.199371070744118,-3.815769783535563,1,1,1,1,1
0.49632523276176066,7.396506355918266,1,1,1,1,1
-2.0011366450737107,5.361908090799668,1,1,1,1,1
-0.3630468393273194,2.899754119087712,1,1,1,1,1
0.7626682633855335,8.18586894791332,1,1,1,1,1
5.6217286710717005,9.296058639568749,0,0,0,0,0
3.4626107540554596,9.907629314474754,0,0,0,0,0
-4.12357076189469,-2.0017919933856376,1,1,1,1,1
-8.983273694678761,-6.166776075000325,1,1,1,1,1
-8.243460756597065,9.075756393639168,1,1,1,1,1
-4.3169207178849085,1.016452967006467,1,1,1,1,1
-5.268456221271649,2.195336184806431,1,1,1,1,1
-9.449031069545109,1.634389564775514,1,1,1,1,1
8.968147189296534,4.876360247472441,0,0,0,0,0
6.7125549629595795,-8.450381860802933,0,0,0,0,0
4.536741828972064,-9.482211770726831,0,0,0,0,0
3.389352338718819,4.205979846796296,0,0,0,0,0
-2.2952834060727394,7.398257170335704,1,1,1,1,1
6.7415528353661855,4.459982915236385,0,0,0,0,0
-9.556127717484912,9.788368214270463,1,1,1,1,1
6.393862837905893,7.360497230647624,0,0,0,0,0
-4.365884279201728,-1.395169120078247,1,1,1,1,1
3.5002898382015815,7.801874414185082,0,0,0,0,0
-9.962786027240067,-9.374074897031699,1,1,1,1,1
9.063232816599577,3.7962739087723136,0,0,0,0,0
-4.2365102973501,2.0174790844142763,1,1,1,1,1
-0.366784898898052,-2.9050657048731887,1,1,0,1,1
0.308882688317091,-1.8198469998905438,1,1,0,1,1
-6.116766130753271,-0.057148870437327304,1,1,1,1,1
6.011900510166473,1.8181316719209626,0,0,0,0,0
7.725797388072586,5.041262678804607,0,0,0,0,0
0.3038307992220819,-1.6463822438647302,1,1,0,1,1
8.284555463785917,3.0804901882844042,0,0,0,0,0
6.599848652373744,7.186804314896676,0,0,0,0,0
-5.658972734457064,-0.36468278673324406,1,1,1,1,1
-6.939818183601791,9.10670452219049,1,1,1,1,1
-3.1655528031078406,-7.735649415350387,0,1,0,0,0
-3.72916615574729,-3.916185044056258,1,1,1,1,1
6.8909428268704715,-0.22990332244616063,0,0,0,0,0
4.835470088402465,-8.710970459509952,0,0,0,0,0
-8.551184434270798,-7.048482680129833,1,1,1,1,1
-4.17911185458165,2.380036781226975,1,1,1,1,1
-8.726585575948016,0.07715548733199995,1,1,1,1,1
-4.168312867533183,-2.984720646433625,1,1,1,1,1
8.363803840711785,-0.525522496585495,0,0,0,0,0
-2.423152527009096,8.383647672316524,1,1,1,1,1
0.2906710863350632,-7.2244025695188085,1,1,0,0,0
3.8873272438192608,9.962645355558607,0,0,0,0,0
-3.8896422884030386,2.998001744100197,1,1,1,1,1
6.531488754938064,-2.1494335648228757,0,0,0,0,0
-7.292418203054853,7.710669116788175,1,1,1,1,1
0.199846633833749,8.854419057633432,1,1,1,1,1
-3.3800148745116694,1.6816527238920482,1,1,1,1,1
-5.427402354597211,-9.709712375576178,1,1,1,1,1
0.9403143694144038,7.412612417087956,1,1,1,1,1
6.956421113212365,-3.5704679366623004,0,0,0,0,0
7.9790416828251445,2.8386458061158066,0,0,0,0,0
8.322767792524974,9.314561967049237,0,0,0,0,0
9.208500373392155,2.91276409136065,0,0,0,0,0
-1.4750850707075358,8.616123182161871,1,1,1,1,1
7.291186583909045,2.820431681038123,0,0,0,0,0
-7.220007876934076,6.649929446482982,1,1,1,1,1
1.5904004614427176,-2.9877965285471397,1,1,0,1,1
8.042467964743853,-7.074593348107481,0,0,0,0,0
5.497451718633709,-0.08390848185572963,0,0,0,0,0
9.677851803543525,-9.743129990293717,0,0,0,0,0
-7.607352596197517,7.099741245924637,1,1,1,1,1
-4.833067671717313,-7.175037263898256,1,1,1,1,1
5.931514210917504,-9.26205090833152,0,0,0,0,0
-9.9953580784263,-6.682751663986197,1,1,1,1,1
-0.23140404029619077,4.306615037107829,1,1,1,1,1
-0.419845074402561,-5.287649458556391,1,1,0,1,1
4.064210562055271,-4.837532460010441,0,0,0,0,0
7.272195383683574,-5.9772094638354805,0,0,0,0,0
-7.835142392687835,-3.3593752835166235,1,1,1,1,1
9.10265493669312,4.110280586225844,0,0,0,0,0
-0.7979916630753614,-3.3279701312887644,1,1,0,1,0
-8.160942322123466,9.418912773763783,1,1,1,1,1
-7.861711315519367,-2.2646990555916098,1,1,1,1,1
6.5976889656347595,1.5712213246550295,0,0,0,0,0
4.720974795936531,-5.670293760735294,0,0,0,0,0
-8.480693956456516,-2.3140756685857333,1,1,1,1,1
5.2608521045815255,8.50814374140825,0,0,0,0,0
-1.0344931945878866,-1.8308039824731779,1,1,0,1,0
-6.0232649035061225,7.258771512725172,1,1,1,1,1
-9.368817775705446,0.758396044365842,1,1,1,1,1
1.9817900950859606,8.504080337624423,1,1,1,1,1
-6.447592855158488,-1.1717029949537974,1,1,1,1,1
-6.291420068050318,-4.639571905552224,1,1,1,1,1
-1.3484325447866308,-9.210003940400249,0,1,0,0,0
7.9564325706355845,-3.016529082193598,0,0,0,0,0
2.5279169741166,3.830062181373524,0,0,0,0,0
-8.27070582482327,4.585702532665941,1,1,1,1,1
-1.3254273201628504,3.3991069817339348,1,1,1,1,1
-9.777000089215504,-2.51162042312131,1,1,1,1,1
0.997890700403925,-0.275567273002455,1,1,1,1,1
-4.346748486819894,7.722648655169138,1,1,1,1,1
8.708504774967867,7.0781843496177785,0,0,0,0,0
2.3428188507969328,7.062553028158302,1,1,1,1,1
-1.007836483201256,-7.174135076724626,0,1,0,0,0
-7.310014508476992,3.6474406498197443,1,1,1,1,1
4.321060429171581,-1.3504526838995616,0,0,0,0,0
8.135356400193043,-5.242060292110418,0,0,0,0,0
-0.20879906656419145,6.309058084873353,1,1,1,1,1
9.143414791555365,-7.224788341591449,0,0,0,0,0
5.1496519983256235,-5.809557294442342,0,0,0,0,0
0.1264731356006017,-0.018445798762780186,1,1,1,1,1
8.966956153256046,4.660749639978308,0,0,0,0,0
-3.9614605489863326,5.821412654192319,1,1,1,1,1
-1.708744812709126,-4.469470962171835,0,1,0,1,0
5.148525905574001,4.809885889147743,0,0,0,0,0
8.279045688249184,-0.40233402113978656,0,0,0,0,0
0.9304383825056028,5.114839728188317,1,1,1,1,1
-6.027799149182549,-9.746316968885136,1,1,1,1,1
-1.5581815692421301,5.264921743855517,1,1,1,1,1
0.9441425296147425,9.732784911698936,1,1,1,1,1
-8.58733449379766,7.071293455019635,1,1,1,1,1
2.3552935470973004,4.092547676341695,0,0,0,0,0
5.651622066477755,8.597392385904364,0,0,0,0,0
1.4357434666034408,-8.599641437088293,0,1,0,0,0
5.743967967786636,-7.80031077231329,0,0,0,0,0
-2.5194452786679022,4.419335535808385,1,1,1,1,1
2.7257659112332746,-0.27497675133431265,0,0,0,0,0
-5.879797911927045,8.516564799232775,1,1,1,1,1
-7.650136758376906,0.1953592797351753,1,1,1,1,1
9.79217007595587,3.987535268753959,0,0,0,0,0
2.8687514437933626,0.48105604029377247,0,0,0,0,0
8.118706928626803,-8.389126146704005,0,0,0,0,0
2.8941375532075,-8.128995031406356,0,0,0,0,0
1.8632840150415593,6.176089466679688,1,1,1,1,1
6.694994797948123,-4.195238777285422,0,0,0,0,0
3.9974725472778374,4.227525919738422,0,0,0,0,0
-8.262072476952259,-0.73835094321465,1,1,1,1,1
9.249126099254276,2.692774853054736,0,0,0,0,0
-3.6573169770304297,-2.8366408977505326,1,1,1,1,1
4.997184118460606,-0.6838681019773603,0,0,0,0,0
-8.8513779705981,-4.713157726175659,1,1,1,1,1
-3.4939792864176766,-7.335294029579522,1,1,1,1,1
-2.5044876565855034,-8.962737557020496,0,1,0,0,0
-1.9879896559132408,-8.018142188074904,0,1,0,0,0
-7.457685498749591,-8.8975585266117,1,1,1,1,1
-5.459750813823243,3.1037123127311403,1,1,1,1,1
-8.021225832734903,-6.730590133071739,1,1,1,1,1
-4.086344237488007,0.11716751141186244,1,1,1,1,1
-3.7706079784588464,9.720161581994436,1,1,1,1,1
-3.738427614824948,-0.7538452103952018,1,1,1,1,1
1.4684754431260423,-8.660609555660157,0,1,0,0,0
-5.514562530369352,5.479257558088335,1,1,1,1,1
-0.23233925039841097,8.929779323292095,1,1,1,1,1
-2.212444921696555,1.8326805935943504,1,1,1,1,1
-1.5858376588683711,-4.72125189962745,0,1,0,1,0
0.41708498666379157,-4.049666390499822,1,1,0,1,1
8.265547644186253,-2.6278558893567343,0,0,0,0,0
5.694287627319724,-6.990928167303469,0,0,0,0,0
-3.1282703082405083,-4.400978618399014,1,1,0,1,0
-6.808830578304725,-1.667797664161144,1,1,1,1,1
-5.834287672120457,1.2060189466561724,1,1,1,1,1
-0.6935964773199004,-0.44256682296428806,1,1,1,1,1
-7.749492192486446,4.280070243425513,1,1,1,1,1
-9.511844211792226,-8.303354572033658,1,1,1,1,1
-3.8498413254092334,-5.225422103648459,1,1,1,1,1
5.237012849336917,-6.996247738911025,0,0,0,0,0
4.660697154472901,-7.175565211820754,0,0,0,0,0
9.681331804660072,-8.835087794429823,0,0,0,0,0
5.894490651582178,8.936422290156877,0,0,0,0,0
-4.204847178910769,-9.350235332767202,1,1,1,1,1
5.474028542645293,-9.552313446752873,0,0,0,0,0
7.713196798244585,0.7203242515531372,0,0,0,0,0
2.945333992187786,2.2395831520626786,0,0,0,0,0
-6.401904610946407,-5.027797841350119,1,1,1,1,1
-2.826066092275605,3.968827574359114,1,1,1,1,1
-7.724561267128383,-5.554015668246146,1,1,1,1,1
3.166627182431238,6.95447445016854,0,0,0,0,0
0.7354894474396563,4.5331668865050325,1,1,1,1,1
-9.088870595180722,-8.776285819006004,1,1,1,1,1
-4.52779389388443,-2.0653359917086416,1,1,1,1,1
0.7136109271959086,7.09440103716047,1,1,1,1,1
-3.0183370669474163,2.3236283848468737,1,1,1,1,1
6.6814010520197975,4.585549379342456,0,0,0,0,0
5.184286924778334,7.114099977643708,0,0,0,0,0
-5.904721192170581,-1.8752930784015636,1,1,1,1,1
9.978347315856624,-2.8118187732995885,0,0,0,0,0
-6.5830378619927155,-3.583899469086063,1,1,1,1,1
-6.410581405823146,4.02039217767687,1,1,1,1,1
-6.778696732324425,-3.266296484867281,1,1,1,1,1
3.2643182968310587,1.7090643682979696,0,0,0,0,0
4.569783199062794,7.640480714335926,0,0,0,0,0
0.3177129280735773,-3.911017062074727,1,1,0,1,1
1.1917253698893617,0.2538935700745206,1,1,1,1,1
9.527324030013538,0.7857383324457974,0,0,0,0,0
3.091552743888016,-6.1591600997396405,0,0,0,0,0
5.253529691591719,5.348061337212826,0,0,0,0,0
4.403659702788765,-7.448379779775813,0,0,0,0,0
-4.282516084929657,1.1755893690412211,1,1,1,1,1
6.578613185609111,-5.848314184536141,0,0,0,0,0
0.8806587379735014,3.9656346904596607,1,1,1,1,1
2.2618533147162374,-7.676379668835597,0,1,0,0,0
-2.567026601143163,-6.978907095462974,0,1,0,0,0
-5.604506713505271,4.826516669495696,1,1,1,1,1
3.928551084280919,5.571159131535175,0,0,0,0,0
-1.5870130225107655,4.020405170732129,1,1,1,1,1
4.042255560468835,9.050254258112478,0,0,0,0,0
-1.2490840799145175,4.153016996580551,1,1,1,1,1
-9.68106881824706,-8.64486166223627,1,1,1,1,1
2.884035661153133,-2.147102205338525,0,0,0,0,0
7.205393006875671,-2.2001367318080707,0,0,0,0,0
-3.5500090979267673,5.596111333251972,1,1,1,1,1
5.247310899128825,6.2396368445675705,0,0,0,0,0
-2.803980887630802,-4.894101145326006,0,1,0,1,0
9.010279665878642,4.326308190062866,0,0,0,0,0
-4.788928617849164,1.6627567579131473,1,1,1,1,1
7.036290834866179,-0.7637823144055496,0,0,0,0,0
4.675636528239194,9.225952504074098,0,0,0,0,0
8.350897338225877,3.163802260427209,0,0,0,0,0
-7.005164411586364,-5.982632411665296,1,1,1,1,1
-1.6517539640999708,6.2409786473658855,1,1,1,1,1
-7.264782557433218,1.1416073706008252,1,1,1,1,1
-7.158173780341541,1.66339688536093,1,1,1,1,1
8.027394920585444,1.1421570271313648,0,0,0,0,0
1.0569015276634381,-4.488368009809188,1,1,0,1,1
3.1871486981590245,7.063671854316144,0,0,0,0,0
2.761582940401846,-3.0982774636478183,0,0,0,0,0
4.972938202987061,9.570943926393515,0,0,0,0,0
2.589588755351839,-1.515102798895132,0,0,0,0,0
9.265657901387122,-3.086728888664771,0,0,0,0,0
3.1463160477689662,4.058823756338212,0,0,0,0,0
-6.850027061227692,-4.887202187023649,1,1,1,1,1
-7.203423986110382,-8.189034001708661,1,1,1,1,1
-0.9942477970659507,4.516645694849169,1,1,1,1,1
9.333857579185167,-5.4327537800311365,0,0,0,0,0
-2.807616661144956,-0.404058888651015,1,1,1,1,1
9.182666335799325,-0.6422746091731106,0,0,0,0,0
3.0668151555153678,2.0565558600731375,0,0,0,0,0
5.457968464084193,-3.4781540524275094,0,0,0,0,0
2.5986553619035124,4.9899642152035,0,0,0,0,0
0.8932984867809335,-1.4889539102548106,1,1,0,1,1
8.990277538327941,4.027787168839874,0,0,0,0,0
1.1892747428270667,3.276523276022507,1,1,1,1,1
-5.025265594279141,-9.866702135909449,1,1,1,1,1
9.38688688114739,-8.126121199778552,0,0,0,0,0
4.30177636987052,-0.5635218550562691,0,0,0,0,0
-8.270927573575209,0.23052576686783688,1,1,1,1,1
-3.025249981299072,-4.8885551441724,1,1,0,1,0
-3.418123603069989,6.468086219541643,1,1,1,1,1
7.349995104982018,8.22146755008664,0,0,0,0,0
-9.06898042953154,0.9883155155235261,1,1,1,1,1
5.795616727362713,5.977092972578946,0,0,0,0,0
-2.6434776738174808,-6.204569024360119,0,1,0,1,0
9.452453201685511,0.05976927312118896,0,0,0,0,0
-7.529539991162135,1.4260030711579503,1,1,1,1,1
-4.940686219667381,3.591558726428179,1,1,1,1,1
2.0148426510685287,3.330689412593058,1,1,1,1,1
1.5373600404832892,7.699133936560539,1,1,1,1,1
5.797522090516061,6.6587193990081985,0,0,0,0,0
-6.1825882737614695,-2.7782388950371377,1,1,1,1,1
6.281836644706043,7.546822152237908,0,0,0,0,0
-7.571648455349278,5.3450050457915275,1,1,1,1,1
2.180442266309992,2.8688082085488915,0,1,1,1,0
-4.0758168874270435,1.0464103476028601,1,1,1,1,1
4.316781509090724,8.223136968315043,0,0,0,0,0
9.158954366384936,-5.916513858123356,0,0,0,0,0
3.311944931364991,3.438087077500578,0,0,0,0,0
-3.5899081849464505,-3.943375205467121,1,1,1,1,1
6.830276252481422,-8.2086718786694,0,0,0,0,0
-1.1734469480065624,-1.1970563692998368,1,1,0,1,0
-5.119482728382465,-4.038805194652822,1,1,1,1,1
8.488920052088396,-5.945167622730407,0,0,0,0,0
-6.629812805983333,7.376581821980274,1,1,1,1,1
-5.347236416246044,7.757781803084338,1,1,1,1,1
3.5850875321238806,0.5231652281752375,0,0,0,0,0
4.11409995858979,1.697493746232615,0,0,0,0,0
-7.197526451508171,-0.9060024550498351,1,1,1,1,1
3.7254654081828527,-2.594788948941402,0,0,0,0,0
8.460866525297043,-1.69197156302112,0,0,0,0,0
7.715848386055107,-4.728754132789435,0,0,0,0,0
5.260433968549574,-1.7814268538094407,0,0,0,0,0
5.3781072902131015,8.081693456200703,0,0,0,0,0
-7.163779675244182,5.934899561426084,1,1,1,1,1
7.657351061248306,-4.01749656773581,0,0,0,0,0
8.441274594127776,-4.975809990469191,0,0,0,0,0
-6.886758687538601,1.1915422905574218,1,1,1,1,1
-4.4559918068532856,1.7734385752403288,1,1,1,1,1
6.736206574954441,-9.96417022543207,0,0,0,0,0
-0.43059416069364076,5.925767028444708,1,1,1,1,1
1.9792863083961123,-2.0869328716681874,0,1,0,1,1
-6.490142350013022,8.558909224361962,1,1,1,1,1
7.76905765788133,-9.675675654168769,0,0,0,0,0
8.808873168816842,-1.8387084987199493,0,0,0,0,0
-2.1447480125551817,1.6703485035617192,1,1,1,1,1
-3.6875129510911853,7.772943396264143,1,1,1,1,1
-0.1051506322921334,-6.130052282786014,1,1,0,1,1
3.6697833164577904,-7.241550832738963,0,0,0,0,0
8.820055904816005,3.904680649919868,0,0,0,0,0
-6.34708095442887,-7.518603333689842,1,1,1,1,1
9.983033705827442,7.121890764282238,0,0,0,0,0
-2.0746146345085954,0.058422200280661585,1,1,1,1,1
2.287314544490549,-8.900269367924235,0,1,0,0,0
4.2352348412686425,-8.553919756053613,0,0,0,0,0
4.295091620613933,-2.854157010716496,0,0,0,0,0
-2.2342591838572208,4.132893478173973,1,1,1,1,1
-2.8037381332079203,7.82915972194246,1,1,1,1,1
-0.4946721353761099,5.892601723173236,1,1,1,1,1
-3.6356833476189827,0.7629499668703428,1,1,1,1,1
3.828823636030755,2.033620034967786,0,0,0,0,0
2.088524982686785,4.518183659934108,1,1,1,1,1
-0.6430382196025182,7.363667994488399,1,1,1,1,1
-5.940003857781873,-4.412076732397177,1,1,1,1,1
-5.198019767340192,7.667677786835277,1,1,1,1,1
2.612405360239812,-8.40227206334404,0,0,0,0,0
5.55554260248269,7.114889447254107,0,0,0,0,0
-6.898439204162479,-2.9844397428675133,1,1,1,1,1
3.073578923945405,0.1896117655198175,0,0,0,0,0
2.446095486268039,3.5735421349299124,0,0,0,0,0
-0.709550891094695,-0.5774011425143257,1,1,1,1,1
-3.685158533037196,4.149360306511024,1,1,1,1,1
3.7574015713523057,-4.4539721485844215,0,0,0,0,0
-5.038116254988529,8.383396175644847,1,1,1,1,1
6.606803637798549,6.970161246789814,0,0,0,0,0
-5.515475856941157,2.238111851439335,1,1,1,1,1
-2.6309812252323344,4.541701771485018,1,1,1,1,1
4.443655926279437,-9.74553684088966,0,0,0,0,0
-8.698146517671981,0.48156685242082986,1,1,1,1,1
2.9801722104562742,6.124494711173018,0,0,0,0,0
-0.668426949663969,-9.595075411325876,0,1,0,0,0
-7.012781786691072,8.775535839251866,1,1,1,1,1
-3.7904979821044016,9.050571620147807,1,1,1,1,1
-1.9827325966802647,-6.117407651774229,0,1,0,1,0
4.299501975171191,-9.559176872467543,0,0,0,0,0
1.6387050701189807,-3.944341935001585,1,1,0,1,1
-0.5633071214812269,-3.597879014265666,1,1,0,1,1
7.149283771026806,6.049355838716288,0,0,0,0,0
6.212677550507507,-1.083785934835026,0,0,0,0,0
-7.556381683024647,-9.299011421058538,1,1,1,1,1
4.482878724390263,7.390414345136918,0,0,0,0,0
0.22754280170176777,-6.188541844107496,1,1,0,1,1
4.730140567579808,5.733414944525375,0,0,0,0,0
4.600482283203176,3.9491541741117118,0,0,0,0,0
0.05336201901855908,-6.0275481576192425,1,1,0,1,1
4.566278035375969,-1.9095758609243987,0,0,0,0,0
8.165487572976101,-1.9761315344938808,0,0,0,0,0
9.228211767437607,2.2785529317685675,0,0,0,0,0
4.520692073992665,2.2400371871595013,0,0,0,0,0
8.582345662869542,1.9099689513640943,0,0,0,0,0
-6.545477873448395,-4.522993552460233,1,1,1,1,1
6.739985655054198,-6.086224812106686,0,0,0,0,0
2.2957252352828323,5.70127164158972,1,1,1,1,1
1.6529317468338753,-3.859352426918714,1,1,0,1,1
-2.378715259126764,7.340969691513003,1,1,1,1,1
-7.256332725501522,5.943339049894142,1,1,1,1,1
-3.256687446388966,-3.3603507573570273,1,1,1,1,1
3.0427998154627556,6.318101828827668,0,0,0,0,0
1.732599481701527,4.759301885390494,1,1,1,1,1
8.096528249900533,2.030835588375412,0,0,0,0,0
7.572347951528464,7.709614560169555,0,0,0,0,0
-2.32251952225438,4.593508696471336,1,1,1,1,1
-7.756460936009328,-4.231671972096098,1,1,1,1,1
-7.650572236305006,1.315155565558623,1,1,1,1,1
-9.189161758885522,-8.621802107914391,1,1,1,1,1
4.359760847308987,0.9615818155280227,0,0,0,0,0
2.8268897803403057,-0.2719418323857692,0,0,0,0,0
5.164439470232836,1.1935363975009228,0,0,0,0,0
8.541252893846028,-3.3450609924934653,0,0,0,0,0
9.676918008024163,4.007846954739762,0,0,0,0,0
6.74702904807706,-9.343737976174564,0,0,0,0,0
-2.3072226809025835,-7.01697230934665,0,1,0,0,0
-0.37346247766495644,2.365271714176682,1,1,1,1,1
-3.0915414715515492,6.786859510324746,1,1,1,1,1
4.323781838454897,-1.3176588302346133,0,0,0,0,0
-2.094092637186627,5.017917138339861,1,1,1,1,1
2.784246045841739,1.114981885716535,0,0,0,0,0
5.459124048429452,9.083448335331145,0,0,0,0,0
-8.52640852912864,-0.4864466905660336,1,1,1,1,1
-4.2285730855025605,-1.5771983396803861,1,1,1,1,1
-6.99807388527214,9.618934760040343,1,1,1,1,1
9.346346220722598,5.202922479017051,0,0,0,0,0
1.1858263583778381,-4.353138845120772,1,1,0,1,1
-8.731647807581236,-2.2783543134646456,1,1,1,1,1
2.1895448198209184,3.073619421073195,0,1,1,1,0
-2.484688124796424,-2.735759914909708,0,1,0,1,0
9.474470215367315,5.550252038596909,0,0,0,0,0
-0.5126701356159398,8.127833962927141,1,1,1,1,1
6.1219915346316185,-8.444634681437371,0,0,0,0,0
-7.825447666213057,-3.247104584172811,1,1,1,1,1
9.237438282830738,-8.044092693312543,0,0,0,0,0
-5.047077968130966,-6.982513633340835,1,1,1,1,1
-1.068758473980239,-2.8908549339016005,0,1,0,1,0
8.091729352662323,-0.5142343155559459,0,0,0,0,0
-9.646117555794893,4.9737072231351025,1,1,1,1,1
1.9401073213494087,8.8638988448363,1,1,1,1,1
-4.3223253850087495,1.865312172600289,1,1,1,1,1
-1.2594305916460495,-7.77522968568203,0,1,0,0,0
-2.736844504655589,-1.219041213022006,1,1,0,1,0
8.361102259174896,-5.434645059555995,0,0,0,0,0
8.560553623190074,6.462069458098625,0,0,0,0,0
9.918689000300535,4.156984538634932,0,0,0,0,0
-3.643923604024806,3.49244433083204,1,1,1,1,1
3.998151028326003,-5.533148657190619,0,0,0,0,0
9.762697789093888,-2.5680468970992854,0,0,0,0,0
-9.720616658884422,7.933099574141302,1,1,1,1,1
6.0036520222562935,-8.360178393377414,0,0,0,0,0
-7.548813211380385,-3.0600910216710364,1,1,1,1,1
-7.748674456940659,-4.65186686383414,1,1,1,1,1
9.024029968300095,5.627543929191193,0,0,0,0,0
-0.41299217286690215,-2.5639837161136647,1,1,0,1,1
-3.0715462512642144,5.925453991587036,1,1,1,1,1
-9.019634960366753,0.5404472875018129,1,1,1,1,1
7.77912592173546,1.6983219770623936,0,0,0,0,0
0.2997882595617103,-5.314878141024595,1,1,0,1,1
4.949808134585545,8.201775812232977,0,0,0,0,0
7.875703002489438,-4.82968801937176,0,0,0,0,0
-0.5346166608922545,4.850771770214539,1,1,1,1,1
5.885891110558315,2.093885029409158,0,0,0,0,0
8.023934237410796,4.508558557515428,0,0,0,0,0
9.155490476878615,1.0607563943414977,0,0,0,0,0
7.841173756638938,8.956413175286269,0,0,0,0,0
3.9893104693615022,9.237261134006939,0,0,0,0,0
-5.525306024674219,1.6170383357372113,1,1,1,1,1
-2.0417262189124585,-7.163761124544319,0,1,0,0,0
-1.0785704431522163,-8.828176728388561,0,1,0,0,0
-7.503832993470699,8.964773431368616,1,1,1,1,1
9.797365151561927,-2.7095629223922257,0,0,0,0,0
-6.911238012723285,7.688060829021683,1,1,1,1,1
2.336786491866942,6.8000455626846446,1,1,1,1,1
0.6719072764428056,-9.701321284764319,0,1,0,0,0
3.0741973144341,4.359641676876411,0,0,0,0,0
9.047092226451564,-5.578068046253057,0,0,0,0,0
6.388300702992634,-4.887708751142236,0,0,0,0,0
5.482276526558662,-3.649198026120648,0,0,0,0,0
2.5457551533563425,-8.361156353893833,0,0,0,0,0
5.457509069950511,-0.6919233290176621,0,0,0,0,0
-3.336868994378759,-0.32508890339266117,1,1,1,1,1
7.962585134592366,-5.486511710356121,0,0,0,0,0
-6.71330914484678,5.441739507095049,1,1,1,1,1
-0.7775391644245744,-0.8960915359617374,1,1,1,1,1
-6.960794385328983,2.7194319231369963,1,1,1,1,1
-7.6777076720426685,0.12103430950481098,1,1,1,1,1
-0.656038288517971,-3.1920247733126033,1,1,0,1,1
-9.91665114232513,0.3499057918112687,1,1,1,1,1
-1.9144928914695196,-1.8365385523800626,0,1,0,1,0
5.593916846184046,-9.854746383831598,0,0,0,0,0
7.772347661821012,8.37601915573126,0,0,0,0,0
-5.997881269591465,5.7865978786789825,1,1,1,1,1
6.468378232404447,-4.702764949177136,0,0,0,0,0
5.596135225279335,-6.02775195817329,0,0,0,0,0
-6.9491401748639685,-4.7180341526388485,1,1,1,1,1
9.638077742168974,-3.5412769792803855,0,0,0,0,0
4.179552111851155,-7.9317607434544275,0,0,0,0,0
-5.0967933952464755,3.2238205826291466,1,1,1,1,1
0.4465211098627204,-4.950605697546315,1,1,0,1,1
-3.9139958897924965,-6.72918566392251,1,1,1,1,1
2.238504922492776,6.3246046068869894,1,1,1,1,1
-5.831592796625554,-9.455151168068657,1,1,1,1,1
-5.757456409347794,8.52340865131563,1,1,1,1,1
-5.273891827016833,-0.3432239251101947,1,1,1,1,1
6.541346089402662,4.01828971142918,0,0,0,0,0
8.713138384919311,4.224454040580078,0,0,0,0,0
9.399796861117238,3.1965392620049844,0,0,0,0,0
3.9065932270475088,5.919884702927289,0,0,0,0,0
9.75445008599365,1.5447945939612637,0,0,0,0,0
6.579140813711778,-5.64183536984777,0,0,0,0,0
6.526635959634568,4.702727135856829,0,0,0,0,0
-3.2773003717078115,6.224526651265293,1,1,1,1,1
-3.1105260036973554,5.979929779772849,1,1,1,1,1
-4.958502517209209,-2.856098510054923,1,1,1,1,1
2.101059402136089,-1.155705158276989,0,1,0,1,1
-1.3695504071676474,7.384549931151838,1,1,1,1,1
-0.5194999969952363,-1.6666965953965729,1,1,0,1,1
5.533868896646991,-7.97062091965397,0,0,0,0,0
-3.8838881784144093,7.597912024870158,1,1,1,1,1
-6.182560542006248,8.64595146314441,1,1,1,1,1
0.3815992182876613,-6.357042541441094,1,1,0,1,1
-3.741000087007553,3.68345887079861,1,1,1,1,1
1.3341535287206536,-8.063419934965253,0,1,0,0,0
7.565099080337735,3.937691699231179,0,0,0,0,0
9.70595421307759,-0.8284687343734625,0,0,0,0,0
6.265568319491187,9.238584159654927,0,0,0,0,0
1.3473513192286841,-0.9418255266716642,1,1,1,1,1
0.07364106717190211,-1.1141293792102154,1,1,1,1,1
-0.7386107235735757,-6.1730308017231605,0,1,0,1,0
-0.5190056842299882,1.6646221393139822,1,1,1,1,1
2.79815071192621,-6.127012372979738,0,0,0,0,0
-0.26272473327146173,-7.401763170809145,0,1,0,0,0
2.0203944606928577,-8.932220257330403,0,1,0,0,0
4.51942509541842,3.3872307162038613,0,0,0,0,0
-7.027040028310414,5.524332933151687,1,1,1,1,1
1.1900418995324475,5.273562793532371,1,1,1,1,1
5.040008767722533,-2.1081350300332202,0,0,0,0,0
-5.196211538449673,2.8501329278358547,1,1,1,1,1
2.3965232283365587,6.874441547753808,0,0,0,0,0
9.823095862534135,-0.5332795074449219,0,0,0,0,0
7.8944369108406995,-2.6973088539145778,0,0,0,0,0
-1.6354564807780108,2.4582525913945865,1,1,1,1,1
8.015797135598117,-3.421298677958924,0,0,0,0,0
-1.557046021586693,3.4890133442220552,1,1,1,1,1
9.168616586667053,4.498098125782633,0,0,0,0,0
0.9765374645777865,8.530081994623064,1,1,1,1,1
-8.650641189641933,-9.726476460883653,1,1,1,1,1
-0.6584693931192582,5.133023097298617,1,1,1,1,1
-6.676715836785148,-6.477249132536782,1,1,1,1,1
-6.218806903730563,-6.913729957970698,1,1,1,1,1
-5.8553041199989515,5.9123485396931486,1,1,1,1,1
-4.734473194256335,5.350358110292612,1,1,1,1,1
8.800800286940415,9.057845352278953,0,0,0,0,0
5.9004037481957035,-9.51200437153799,0,0,0,0,0
-0.46415060475685976,3.031623033754167,1,1,1,1,1
1.9256903115874593,5.236017242525184,1,1,1,1,1
-1.0498664092798027,5.387102031255601,1,1,1,1,1
8.297753736031094,7.268505056991586,0,0,0,0,0
8.422248474739984,3.8580537966063115,0,0,0,0,0
1.2024619164568922,5.111951144945026,1,1,1,1,1
9.514734196058892,0.14162209931415326,0,0,0,0,0
2.077195241223313,8.182153150486911,1,1,1,1,1
4.714367625602378,8.702404091101009,0,0,0,0,0
-9.525759027247343,-0.8703475940297256,1,1,1,1,1
0.6109334834994335,6.321909621783341,1,1,1,1,1
6.576838741752518,8.029490984469035,0,0,0,0,0
5.45234060774181,-0.3356596745510423,0,0,0,0,0
-2.205007979161482,2.4977144805047793,1,1,1,1,1
-6.152344229766791,-0.5134041542595966,1,1,1,1,1
-6.972759690422425,1.113667377479839,1,1,1,1,1
7.058478196414153,-6.342344736320237,0,0,0,0,0
-4.049960823696017,-9.59036604450894,1,1,1,1,1
-0.7098164360122006,3.8855492537181853,1,1,1,1,1
1.8160780643858416,-8.602197396201065,0,1,0,0,0
6.325195639816304,-3.185145158847231,0,0,0,0,0
3.53815988846706,6.433749370065392,0,0,0,0,0
9.967869732047127,-7.399550936032789,0,0,0,0,0
-2.813722310899327,-9.433355564172302,0,1,0,0,0
3.1386219234480244,7.124160363468338,0,0,0,0,0
-2.642936664715818,-5.720851597894752,0,1,0,1,0
-7.397964177679923,7.671264307353546,1,1,1,1,1
-5.134399598405583,2.5126019443716316,1,1,1,1,1
1.7233843619037792,-5.181588967845061,0,1,0,1,1
9.989042613986328,-8.136657354078258,0,0,0,0,0
-6.716273191874594,-5.2359517085252065,1,1,1,1,1
-3.2029021856106077,8.061320281643997,1,1,1,1,1
5.820310079739308,-2.926598991435416,0,0,0,0,0
-5.811998852703559,-0.7350366153916337,1,1,1,1,1
5.145435500732379,8.27833728471781,0,0,0,0,0
0.6594047397984948,8.04316551974236,1,1,1,1,1
6.97465501554143,0.410464331116847,0,0,0,0,0
2.876762798601355,3.4488139072511643,0,0,0,0,0
4.187996933103541,8.70008464851184,0,0,0,0,0
-3.6060997296061075,-3.4484071886370993,1,1,1,1,1
8.085632332805947,-6.188077953710183,0,0,0,0,0
-2.5803608072537987,7.448985270621932,1,1,1,1,1
-7.133390487691846,-0.7615788089736668,1,1,1,1,1
9.220993307148252,-0.06305867534826248,0,0,0,0,0
-8.324986806773191,-1.876501458115074,1,1,1,1,1
9.143044031669216,5.669280712060971,0,0,0,0,0
-5.568687805720096,-5.088232115389677,1,1,1,1,1
8.853988580269114,5.190566272670601,0,0,0,0,0
2.5436478239845215,-8.862653676431862,0,0,0,0,0
-2.1371096253935074,6.073086216248136,1,1,1,1,1
2.9067501779603475,-1.5583995390554648,0,0,0,0,0
7.158171936422551,8.048514705806728,0,0,0,0,0
1.8055455512902334,4.970946439200665,1,1,1,1,1
-3.4850147813738364,-3.7315275185830714,1,1,1,1,1
6.742808199243008,-2.723008853745923,0,0,0,0,0
-5.815853401177746,-0.35011618321585125,1,1,1,1,1
2.139337106438706,8.207862944843654,1,1,1,1,1
-3.9823054777950206,-7.507700311265102,1,1,1,1,1
6.97322060063005,-0.7676188079975095,0,0,0,0,0
-3.73016125737972,-7.71850986924715,1,1,1,1,1
0.7791947223624689,3.1567464309383126,1,1,1,1,1
6.2294289894262675,6.365475693844001,0,0,0,0,0
4.853778289583365,9.084080111714531,0,0,0,0,0
0.9742217446701886,-6.6616469212949685,1,1,0,1,1
8.59078754880317,-9.907423526126834,0,0,0,0,0
0.13156119001477862,3.080518118400601,1,1,1,1,1
-7.487150459611378,-8.049803962118748,1,1,1,1,1
6.325482060218974,8.205135660906489,0,0,0,0,0
-2.352710936650409,5.649991920922313,1,1,1,1,1
-8.393718623421352,4.788979441593595,1,1,1,1,1
8.751969194552004,4.571493216905971,0,0,0,0,0
-2.793639404919686,-2.2664020043955997,1,1,0,1,0
-0.6834847476340737,6.658183765832419,1,1,1,1,1
-1.4870638789128883,3.014781335951323,1,1,1,1,1
0.3394470144027668,5.974755234361954,1,1,1,1,1
-2.600035427475378,2.730172173995536,1,1,1,1,1
8.18279364347385,7.6249614718903125,0,0,0,0,0
-1.904856264867604,5.281727493378476,1,1,1,1,1
-0.7822459078878108,2.6565124114783156,1,1,1,1,1
7.109975054710787,-8.492509954499628,0,0,0,0,0
7.25076829218758,8.270184370969584,0,0,0,0,0
-8.738583418367947,5.2582780399475215,1,1,1,1,1
3.929779035553757,-7.899470506502659,0,0,0,0,0
4.702247242543116,1.6838301751092484,0,0,0,0,0
